1-Apr-16,"Fairmont Stores","Page#   :","1", 9:27 AM,"Inventory Stock Level","Location:","User    :","0005","0536","Low","High","Department               :  5092        
Class                    :  1200        
Category                 :  CUST        STK
Brand                    :  METRO       
Detail                   :  Yes
Description              :  Yes
Include Inactive Sku     :  No","Brand ","Categ ","Model/Style","Description","SKU #","ID-1","ID-2","ID-3 ","ID-4  ","Loc

Code","Qty

Total","Qty On

Hold","Qty In

Transit","Retail

Price","Markdown

Price","Total

Value @ Cost","Total

Value @Retail","Qty

On Order","Row Bin ",,,,,,,,,,,,,,,,,,,,,,,,,,,,,,"**Dept ","5092","FOOD & BEVERAGE","**Class ","1200","TEA","**Subclass","_","NOT USED","_","_","_","_","CUST","CREAM EARL GREY 100g LOOSE","METRO","1EF/088",85978,"_","_","_","_","0005",73,0,0,"12.95","12.95",386.60,945.35,0,,"Subclass","_","Total:","3,370",1,25,"Total

Value @ Cost","Total

Value @Retail",0,"14,592.35","50,929.65","Class","1200","Total:","3,370",1,25,"Total

Value @ Cost","Total

Value @Retail",0,"14,592.35","50,929.65","Dept","5092","Total:","3,370",1,25,"Total

Value @ Cost","Total

Value @Retail",0,"14,592.35","50,929.65","Grand Total:","3,370",1,25,"Total

Value @ Cost","Total

Value @Retail",0,"14,592.35","50,929.65","End of Report"
1-Apr-16,"Fairmont Stores","Page#   :","1", 9:27 AM,"Inventory Stock Level","Location:","User    :","0005","0536","Low","High","Department               :  5092        
Class                    :  1200        
Category                 :  CUST        STK
Brand                    :  METRO       
Detail                   :  Yes
Description              :  Yes
Include Inactive Sku     :  No","Brand ","Categ ","Model/Style","Description","SKU #","ID-1","ID-2","ID-3 ","ID-4  ","Loc

Code","Qty

Total","Qty On

Hold","Qty In

Transit","Retail

Price","Markdown

Price","Total

Value @ Cost","Total

Value @Retail","Qty

On Order","Row Bin ",,,,,,,,,,,,,,,,,,,,,,,,,,,,,,"**Dept ","5092","FOOD & BEVERAGE","**Class ","1200","TEA","**Subclass","_","NOT USED","_","_","_","_","CUST","ICEWINE 100g LOOSE","METRO","1FV/026",85981,"_","_","_","_","0005",46,0,0,"12.95","12.95",240.19,595.70,0,,"Subclass","_","Total:","3,370",1,25,"Total

Value @ Cost","Total

Value @Retail",0,"14,592.35","50,929.65","Class","1200","Total:","3,370",1,25,"Total

Value @ Cost","Total

Value @Retail",0,"14,592.35","50,929.65","Dept","5092","Total:","3,370",1,25,"Total

Value @ Cost","Total

Value @Retail",0,"14,592.35","50,929.65","Grand Total:","3,370",1,25,"Total

Value @ Cost","Total

Value @Retail",0,"14,592.35","50,929.65","End of Report"
1-Apr-16,"Fairmont Stores","Page#   :","1", 9:27 AM,"Inventory Stock Level","Location:","User    :","0005","0536","Low","High","Department               :  5092        
Class                    :  1200        
Category                 :  CUST        STK
Brand                    :  METRO       
Detail                   :  Yes
Description              :  Yes
Include Inactive Sku     :  No","Brand ","Categ ","Model/Style","Description","SKU #","ID-1","ID-2","ID-3 ","ID-4  ","Loc

Code","Qty

Total","Qty On

Hold","Qty In

Transit","Retail

Price","Markdown

Price","Total

Value @ Cost","Total

Value @Retail","Qty

On Order","Row Bin ",,,,,,,,,,,,,,,,,,,,,,,,,,,,,,"**Dept ","5092","FOOD & BEVERAGE","**Class ","1200","TEA","**Subclass","_","NOT USED","_","_","_","_","CUST","100g KYOTO CHERRY ROSE","METRO","41FG-CH-131",95354,"_","_","_","_","0005",31,0,0,"12.95","12.95",164.22,401.45,0,,"Subclass","_","Total:","3,370",1,25,"Total

Value @ Cost","Total

Value @Retail",0,"14,592.35","50,929.65","Class","1200","Total:","3,370",1,25,"Total

Value @ Cost","Total

Value @Retail",0,"14,592.35","50,929.65","Dept","5092","Total:","3,370",1,25,"Total

Value @ Cost","Total

Value @Retail",0,"14,592.35","50,929.65","Grand Total:","3,370",1,25,"Total

Value @ Cost","Total

Value @Retail",0,"14,592.35","50,929.65","End of Report"
1-Apr-16,"Fairmont Stores","Page#   :","1", 9:27 AM,"Inventory Stock Level","Location:","User    :","0005","0536","Low","High","Department               :  5092        
Class                    :  1200        
Category                 :  CUST        STK
Brand                    :  METRO       
Detail                   :  Yes
Description              :  Yes
Include Inactive Sku     :  No","Brand ","Categ ","Model/Style","Description","SKU #","ID-1","ID-2","ID-3 ","ID-4  ","Loc

Code","Qty

Total","Qty On

Hold","Qty In

Transit","Retail

Price","Markdown

Price","Total

Value @ Cost","Total

Value @Retail","Qty

On Order","Row Bin ",,,,,,,,,,,,,,,,,,,,,,,,,,,,,,"**Dept ","5092","FOOD & BEVERAGE","**Class ","1200","TEA","**Subclass","_","NOT USED","_","_","_","_","CUST","100g LONG ISLAND STRAWBERRY","METRO","41FG-CH-150",95355,"_","_","_","_","0005",64,0,0,"12.95","12.95",328.49,828.80,0,,"Subclass","_","Total:","3,370",1,25,"Total

Value @ Cost","Total

Value @Retail",0,"14,592.35","50,929.65","Class","1200","Total:","3,370",1,25,"Total

Value @ Cost","Total

Value @Retail",0,"14,592.35","50,929.65","Dept","5092","Total:","3,370",1,25,"Total

Value @ Cost","Total

Value @Retail",0,"14,592.35","50,929.65","Grand Total:","3,370",1,25,"Total

Value @ Cost","Total

Value @Retail",0,"14,592.35","50,929.65","End of Report"
1-Apr-16,"Fairmont Stores","Page#   :","1", 9:27 AM,"Inventory Stock Level","Location:","User    :","0005","0536","Low","High","Department               :  5092        
Class                    :  1200        
Category                 :  CUST        STK
Brand                    :  METRO       
Detail                   :  Yes
Description              :  Yes
Include Inactive Sku     :  No","Brand ","Categ ","Model/Style","Description","SKU #","ID-1","ID-2","ID-3 ","ID-4  ","Loc

Code","Qty

Total","Qty On

Hold","Qty In

Transit","Retail

Price","Markdown

Price","Total

Value @ Cost","Total

Value @Retail","Qty

On Order","Row Bin ",,,,,,,,,,,,,,,,,,,,,,,,,,,,,,"**Dept ","5092","FOOD & BEVERAGE","**Class ","1200","TEA","**Subclass","_","NOT USED","_","_","_","_","CUST","100g PROVENCE","METRO","41FR-SA-539",95356,"_","_","_","_","0005",0,0,0,"12.95","12.95",-0.11,0.00,0,,"Subclass","_","Total:","3,370",1,25,"Total

Value @ Cost","Total

Value @Retail",0,"14,592.35","50,929.65","Class","1200","Total:","3,370",1,25,"Total

Value @ Cost","Total

Value @Retail",0,"14,592.35","50,929.65","Dept","5092","Total:","3,370",1,25,"Total

Value @ Cost","Total

Value @Retail",0,"14,592.35","50,929.65","Grand Total:","3,370",1,25,"Total

Value @ Cost","Total

Value @Retail",0,"14,592.35","50,929.65","End of Report"
1-Apr-16,"Fairmont Stores","Page#   :","1", 9:27 AM,"Inventory Stock Level","Location:","User    :","0005","0536","Low","High","Department               :  5092        
Class                    :  1200        
Category                 :  CUST        STK
Brand                    :  METRO       
Detail                   :  Yes
Description              :  Yes
Include Inactive Sku     :  No","Brand ","Categ ","Model/Style","Description","SKU #","ID-1","ID-2","ID-3 ","ID-4  ","Loc

Code","Qty

Total","Qty On

Hold","Qty In

Transit","Retail

Price","Markdown

Price","Total

Value @ Cost","Total

Value @Retail","Qty

On Order","Row Bin ",,,,,,,,,,,,,,,,,,,,,,,,,,,,,,"**Dept ","5092","FOOD & BEVERAGE","**Class ","1200","TEA","**Subclass","_","NOT USED","_","_","_","_","CUST","100g BLUEBERRY","METRO","41FV-SL-012",95357,"_","_","_","_","0005",0,0,0,"12.95","12.95",0.01,0.00,0,,"Subclass","_","Total:","3,370",1,25,"Total

Value @ Cost","Total

Value @Retail",0,"14,592.35","50,929.65","Class","1200","Total:","3,370",1,25,"Total

Value @ Cost","Total

Value @Retail",0,"14,592.35","50,929.65","Dept","5092","Total:","3,370",1,25,"Total

Value @ Cost","Total

Value @Retail",0,"14,592.35","50,929.65","Grand Total:","3,370",1,25,"Total

Value @ Cost","Total

Value @Retail",0,"14,592.35","50,929.65","End of Report"
1-Apr-16,"Fairmont Stores","Page#   :","1", 9:27 AM,"Inventory Stock Level","Location:","User    :","0005","0536","Low","High","Department               :  5092        
Class                    :  1200        
Category                 :  CUST        STK
Brand                    :  METRO       
Detail                   :  Yes
Description              :  Yes
Include Inactive Sku     :  No","Brand ","Categ ","Model/Style","Description","SKU #","ID-1","ID-2","ID-3 ","ID-4  ","Loc

Code","Qty

Total","Qty On

Hold","Qty In

Transit","Retail

Price","Markdown

Price","Total

Value @ Cost","Total

Value @Retail","Qty

On Order","Row Bin ",,,,,,,,,,,,,,,,,,,,,,,,,,,,,,"**Dept ","5092","FOOD & BEVERAGE","**Class ","1200","TEA","**Subclass","_","NOT USED","_","_","_","_","EMP","TEA SAMPLER 15 TB ASSORTED CELLO","METRO","CC-15-TB",89447,"_","_","_","_","0005",79,0,25,"10.95","10.95",197.41,865.05,0,,"Subclass","_","Total:","3,370",1,25,"Total

Value @ Cost","Total

Value @Retail",0,"14,592.35","50,929.65","Class","1200","Total:","3,370",1,25,"Total

Value @ Cost","Total

Value @Retail",0,"14,592.35","50,929.65","Dept","5092","Total:","3,370",1,25,"Total

Value @ Cost","Total

Value @Retail",0,"14,592.35","50,929.65","Grand Total:","3,370",1,25,"Total

Value @ Cost","Total

Value @Retail",0,"14,592.35","50,929.65","End of Report"
1-Apr-16,"Fairmont Stores","Page#   :","1", 9:27 AM,"Inventory Stock Level","Location:","User    :","0005","0536","Low","High","Department               :  5092        
Class                    :  1200        
Category                 :  CUST        STK
Brand                    :  METRO       
Detail                   :  Yes
Description              :  Yes
Include Inactive Sku     :  No","Brand ","Categ ","Model/Style","Description","SKU #","ID-1","ID-2","ID-3 ","ID-4  ","Loc

Code","Qty

Total","Qty On

Hold","Qty In

Transit","Retail

Price","Markdown

Price","Total

Value @ Cost","Total

Value @Retail","Qty

On Order","Row Bin ",,,,,,,,,,,,,,,,,,,,,,,,,,,,,,"**Dept ","5092","FOOD & BEVERAGE","**Class ","1200","TEA","**Subclass","_","NOT USED","_","_","_","_","STK","LOOSE XMAS BLEND","METRO","CCOR-CSFV-821",106701,"_","_","_","_","0005",14,0,0,"19.95","19.95",112.00,279.30,0,,"Subclass","_","Total:","3,370",1,25,"Total

Value @ Cost","Total

Value @Retail",0,"14,592.35","50,929.65","Class","1200","Total:","3,370",1,25,"Total

Value @ Cost","Total

Value @Retail",0,"14,592.35","50,929.65","Dept","5092","Total:","3,370",1,25,"Total

Value @ Cost","Total

Value @Retail",0,"14,592.35","50,929.65","Grand Total:","3,370",1,25,"Total

Value @ Cost","Total

Value @Retail",0,"14,592.35","50,929.65","End of Report"
1-Apr-16,"Fairmont Stores","Page#   :","1", 9:27 AM,"Inventory Stock Level","Location:","User    :","0005","0536","Low","High","Department               :  5092        
Class                    :  1200        
Category                 :  CUST        STK
Brand                    :  METRO       
Detail                   :  Yes
Description              :  Yes
Include Inactive Sku     :  No","Brand ","Categ ","Model/Style","Description","SKU #","ID-1","ID-2","ID-3 ","ID-4  ","Loc

Code","Qty

Total","Qty On

Hold","Qty In

Transit","Retail

Price","Markdown

Price","Total

Value @ Cost","Total

Value @Retail","Qty

On Order","Row Bin ",,,,,,,,,,,,,,,,,,,,,,,,,,,,,,"**Dept ","5092","FOOD & BEVERAGE","**Class ","1200","TEA","**Subclass","_","NOT USED","_","_","_","_","STK","LOOSE WHT SWISS TRUFFLE TEA","METRO","CCOR-FRSA-153",106703,"_","_","_","_","0005",20,0,0,"19.95","19.95",160.00,399.00,0,,"Subclass","_","Total:","3,370",1,25,"Total

Value @ Cost","Total

Value @Retail",0,"14,592.35","50,929.65","Class","1200","Total:","3,370",1,25,"Total

Value @ Cost","Total

Value @Retail",0,"14,592.35","50,929.65","Dept","5092","Total:","3,370",1,25,"Total

Value @ Cost","Total

Value @Retail",0,"14,592.35","50,929.65","Grand Total:","3,370",1,25,"Total

Value @ Cost","Total

Value @Retail",0,"14,592.35","50,929.65","End of Report"
1-Apr-16,"Fairmont Stores","Page#   :","1", 9:27 AM,"Inventory Stock Level","Location:","User    :","0005","0536","Low","High","Department               :  5092        
Class                    :  1200        
Category                 :  CUST        STK
Brand                    :  METRO       
Detail                   :  Yes
Description              :  Yes
Include Inactive Sku     :  No","Brand ","Categ ","Model/Style","Description","SKU #","ID-1","ID-2","ID-3 ","ID-4  ","Loc

Code","Qty

Total","Qty On

Hold","Qty In

Transit","Retail

Price","Markdown

Price","Total

Value @ Cost","Total

Value @Retail","Qty

On Order","Row Bin ",,,,,,,,,,,,,,,,,,,,,,,,,,,,,,"**Dept ","5092","FOOD & BEVERAGE","**Class ","1200","TEA","**Subclass","_","NOT USED","_","_","_","_","STK","TBAG WHT SWISS TRUFFLE TEA","METRO","CCOR-TY16-153",106704,"_","_","_","_","0005",14,0,0,"19.95","19.95",112.00,279.30,0,,"Subclass","_","Total:","3,370",1,25,"Total

Value @ Cost","Total

Value @Retail",0,"14,592.35","50,929.65","Class","1200","Total:","3,370",1,25,"Total

Value @ Cost","Total

Value @Retail",0,"14,592.35","50,929.65","Dept","5092","Total:","3,370",1,25,"Total

Value @ Cost","Total

Value @Retail",0,"14,592.35","50,929.65","Grand Total:","3,370",1,25,"Total

Value @ Cost","Total

Value @Retail",0,"14,592.35","50,929.65","End of Report"
1-Apr-16,"Fairmont Stores","Page#   :","1", 9:27 AM,"Inventory Stock Level","Location:","User    :","0005","0536","Low","High","Department               :  5092        
Class                    :  1200        
Category                 :  CUST        STK
Brand                    :  METRO       
Detail                   :  Yes
Description              :  Yes
Include Inactive Sku     :  No","Brand ","Categ ","Model/Style","Description","SKU #","ID-1","ID-2","ID-3 ","ID-4  ","Loc

Code","Qty

Total","Qty On

Hold","Qty In

Transit","Retail

Price","Markdown

Price","Total

Value @ Cost","Total

Value @Retail","Qty

On Order","Row Bin ",,,,,,,,,,,,,,,,,,,,,,,,,,,,,,"**Dept ","5092","FOOD & BEVERAGE","**Class ","1200","TEA","**Subclass","_","NOT USED","_","_","_","_","STK","TBAG XMAS BLEND","METRO","CCOR-TY16-821",106702,"_","_","_","_","0005",15,0,0,"19.95","19.95",120.00,299.25,0,,"Subclass","_","Total:","3,370",1,25,"Total

Value @ Cost","Total

Value @Retail",0,"14,592.35","50,929.65","Class","1200","Total:","3,370",1,25,"Total

Value @ Cost","Total

Value @Retail",0,"14,592.35","50,929.65","Dept","5092","Total:","3,370",1,25,"Total

Value @ Cost","Total

Value @Retail",0,"14,592.35","50,929.65","Grand Total:","3,370",1,25,"Total

Value @ Cost","Total

Value @Retail",0,"14,592.35","50,929.65","End of Report"
1-Apr-16,"Fairmont Stores","Page#   :","1", 9:27 AM,"Inventory Stock Level","Location:","User    :","0005","0536","Low","High","Department               :  5092        
Class                    :  1200        
Category                 :  CUST        STK
Brand                    :  METRO       
Detail                   :  Yes
Description              :  Yes
Include Inactive Sku     :  No","Brand ","Categ ","Model/Style","Description","SKU #","ID-1","ID-2","ID-3 ","ID-4  ","Loc

Code","Qty

Total","Qty On

Hold","Qty In

Transit","Retail

Price","Markdown

Price","Total

Value @ Cost","Total

Value @Retail","Qty

On Order","Row Bin ",,,,,,,,,,,,,,,,,,,,,,,,,,,,,,"**Dept ","5092","FOOD & BEVERAGE","**Class ","1200","TEA","**Subclass","_","NOT USED","_","_","_","_","CUST","TIN EMP HOTEL 24 TEABAGS","METRO","CEMP-HOTL-540",104593,"_","_","_","_","0005",181,0,0,"24.95","24.95","1,593.52","4,515.95",0,,"Subclass","_","Total:","3,370",1,25,"Total

Value @ Cost","Total

Value @Retail",0,"14,592.35","50,929.65","Class","1200","Total:","3,370",1,25,"Total

Value @ Cost","Total

Value @Retail",0,"14,592.35","50,929.65","Dept","5092","Total:","3,370",1,25,"Total

Value @ Cost","Total

Value @Retail",0,"14,592.35","50,929.65","Grand Total:","3,370",1,25,"Total

Value @ Cost","Total

Value @Retail",0,"14,592.35","50,929.65","End of Report"
1-Apr-16,"Fairmont Stores","Page#   :","1", 9:27 AM,"Inventory Stock Level","Location:","User    :","0005","0536","Low","High","Department               :  5092        
Class                    :  1200        
Category                 :  CUST        STK
Brand                    :  METRO       
Detail                   :  Yes
Description              :  Yes
Include Inactive Sku     :  No","Brand ","Categ ","Model/Style","Description","SKU #","ID-1","ID-2","ID-3 ","ID-4  ","Loc

Code","Qty

Total","Qty On

Hold","Qty In

Transit","Retail

Price","Markdown

Price","Total

Value @ Cost","Total

Value @Retail","Qty

On Order","Row Bin ",,,,,,,,,,,,,,,,,,,,,,,,,,,,,,"**Dept ","5092","FOOD & BEVERAGE","**Class ","1200","TEA","**Subclass","_","NOT USED","_","_","_","_","STK","CENTENNIAL TEA LOOSE","METRO","CENT/TEA/LOOSE 500g",99935,"_","_","_","_","0005",2,0,0,"44.95","44.95",34.34,89.90,0,,"Subclass","_","Total:","3,370",1,25,"Total

Value @ Cost","Total

Value @Retail",0,"14,592.35","50,929.65","Class","1200","Total:","3,370",1,25,"Total

Value @ Cost","Total

Value @Retail",0,"14,592.35","50,929.65","Dept","5092","Total:","3,370",1,25,"Total

Value @ Cost","Total

Value @Retail",0,"14,592.35","50,929.65","Grand Total:","3,370",1,25,"Total

Value @ Cost","Total

Value @Retail",0,"14,592.35","50,929.65","End of Report"
1-Apr-16,"Fairmont Stores","Page#   :","1", 9:27 AM,"Inventory Stock Level","Location:","User    :","0005","0536","Low","High","Department               :  5092        
Class                    :  1200        
Category                 :  CUST        STK
Brand                    :  METRO       
Detail                   :  Yes
Description              :  Yes
Include Inactive Sku     :  No","Brand ","Categ ","Model/Style","Description","SKU #","ID-1","ID-2","ID-3 ","ID-4  ","Loc

Code","Qty

Total","Qty On

Hold","Qty In

Transit","Retail

Price","Markdown

Price","Total

Value @ Cost","Total

Value @Retail","Qty

On Order","Row Bin ",,,,,,,,,,,,,,,,,,,,,,,,,,,,,,"**Dept ","5092","FOOD & BEVERAGE","**Class ","1200","TEA","**Subclass","_","NOT USED","_","_","_","_","STK","TEA BAGS MARGARETS HOPE","METRO","CFB1-ES/659",25633,"_","_","_","_","0005",43,0,0,"14.95","14.95",172.14,642.85,0,,"Subclass","_","Total:","3,370",1,25,"Total

Value @ Cost","Total

Value @Retail",0,"14,592.35","50,929.65","Class","1200","Total:","3,370",1,25,"Total

Value @ Cost","Total

Value @Retail",0,"14,592.35","50,929.65","Dept","5092","Total:","3,370",1,25,"Total

Value @ Cost","Total

Value @Retail",0,"14,592.35","50,929.65","Grand Total:","3,370",1,25,"Total

Value @ Cost","Total

Value @Retail",0,"14,592.35","50,929.65","End of Report"
1-Apr-16,"Fairmont Stores","Page#   :","1", 9:27 AM,"Inventory Stock Level","Location:","User    :","0005","0536","Low","High","Department               :  5092        
Class                    :  1200        
Category                 :  CUST        STK
Brand                    :  METRO       
Detail                   :  Yes
Description              :  Yes
Include Inactive Sku     :  No","Brand ","Categ ","Model/Style","Description","SKU #","ID-1","ID-2","ID-3 ","ID-4  ","Loc

Code","Qty

Total","Qty On

Hold","Qty In

Transit","Retail

Price","Markdown

Price","Total

Value @ Cost","Total

Value @Retail","Qty

On Order","Row Bin ",,,,,,,,,,,,,,,,,,,,,,,,,,,,,,"**Dept ","5092","FOOD & BEVERAGE","**Class ","1200","TEA","**Subclass","_","NOT USED","_","_","_","_","STK","TEA BAGS ORG. ORCHID VANILLA (25 BAGS)","METRO","CFB1-F/045",43267,"_","_","_","_","0005",38,0,0,"14.95","14.95",165.43,568.10,0,,"Subclass","_","Total:","3,370",1,25,"Total

Value @ Cost","Total

Value @Retail",0,"14,592.35","50,929.65","Class","1200","Total:","3,370",1,25,"Total

Value @ Cost","Total

Value @Retail",0,"14,592.35","50,929.65","Dept","5092","Total:","3,370",1,25,"Total

Value @ Cost","Total

Value @Retail",0,"14,592.35","50,929.65","Grand Total:","3,370",1,25,"Total

Value @ Cost","Total

Value @Retail",0,"14,592.35","50,929.65","End of Report"
1-Apr-16,"Fairmont Stores","Page#   :","1", 9:27 AM,"Inventory Stock Level","Location:","User    :","0005","0536","Low","High","Department               :  5092        
Class                    :  1200        
Category                 :  CUST        STK
Brand                    :  METRO       
Detail                   :  Yes
Description              :  Yes
Include Inactive Sku     :  No","Brand ","Categ ","Model/Style","Description","SKU #","ID-1","ID-2","ID-3 ","ID-4  ","Loc

Code","Qty

Total","Qty On

Hold","Qty In

Transit","Retail

Price","Markdown

Price","Total

Value @ Cost","Total

Value @Retail","Qty

On Order","Row Bin ",,,,,,,,,,,,,,,,,,,,,,,,,,,,,,"**Dept ","5092","FOOD & BEVERAGE","**Class ","1200","TEA","**Subclass","_","NOT USED","_","_","_","_","STK","TEA BAGS MAPLE MAPLE","METRO","CFB1-FV/041",25641,"_","_","_","_","0005",47,0,0,"14.95","14.95",204.65,702.65,0,,"Subclass","_","Total:","3,370",1,25,"Total

Value @ Cost","Total

Value @Retail",0,"14,592.35","50,929.65","Class","1200","Total:","3,370",1,25,"Total

Value @ Cost","Total

Value @Retail",0,"14,592.35","50,929.65","Dept","5092","Total:","3,370",1,25,"Total

Value @ Cost","Total

Value @Retail",0,"14,592.35","50,929.65","Grand Total:","3,370",1,25,"Total

Value @ Cost","Total

Value @Retail",0,"14,592.35","50,929.65","End of Report"
1-Apr-16,"Fairmont Stores","Page#   :","1", 9:27 AM,"Inventory Stock Level","Location:","User    :","0005","0536","Low","High","Department               :  5092        
Class                    :  1200        
Category                 :  CUST        STK
Brand                    :  METRO       
Detail                   :  Yes
Description              :  Yes
Include Inactive Sku     :  No","Brand ","Categ ","Model/Style","Description","SKU #","ID-1","ID-2","ID-3 ","ID-4  ","Loc

Code","Qty

Total","Qty On

Hold","Qty In

Transit","Retail

Price","Markdown

Price","Total

Value @ Cost","Total

Value @Retail","Qty

On Order","Row Bin ",,,,,,,,,,,,,,,,,,,,,,,,,,,,,,"**Dept ","5092","FOOD & BEVERAGE","**Class ","1200","TEA","**Subclass","_","NOT USED","_","_","_","_","STK","TEA BAGS KYOTO CHERRY","METRO","CFB1-GR/131",25637,"_","_","_","_","0005",107,0,0,"14.95","14.95",465.51,"1,599.65",0,,"Subclass","_","Total:","3,370",1,25,"Total

Value @ Cost","Total

Value @Retail",0,"14,592.35","50,929.65","Class","1200","Total:","3,370",1,25,"Total

Value @ Cost","Total

Value @Retail",0,"14,592.35","50,929.65","Dept","5092","Total:","3,370",1,25,"Total

Value @ Cost","Total

Value @Retail",0,"14,592.35","50,929.65","Grand Total:","3,370",1,25,"Total

Value @ Cost","Total

Value @Retail",0,"14,592.35","50,929.65","End of Report"
1-Apr-16,"Fairmont Stores","Page#   :","1", 9:27 AM,"Inventory Stock Level","Location:","User    :","0005","0536","Low","High","Department               :  5092        
Class                    :  1200        
Category                 :  CUST        STK
Brand                    :  METRO       
Detail                   :  Yes
Description              :  Yes
Include Inactive Sku     :  No","Brand ","Categ ","Model/Style","Description","SKU #","ID-1","ID-2","ID-3 ","ID-4  ","Loc

Code","Qty

Total","Qty On

Hold","Qty In

Transit","Retail

Price","Markdown

Price","Total

Value @ Cost","Total

Value @Retail","Qty

On Order","Row Bin ",,,,,,,,,,,,,,,,,,,,,,,,,,,,,,"**Dept ","5092","FOOD & BEVERAGE","**Class ","1200","TEA","**Subclass","_","NOT USED","_","_","_","_","STK","TEA BAGS GENMAICHA AKAIKE (25 BAGS)","METRO","CFB1-GR/522",43266,"_","_","_","_","0005",41,0,0,"14.95","14.95",178.90,612.95,0,,"Subclass","_","Total:","3,370",1,25,"Total

Value @ Cost","Total

Value @Retail",0,"14,592.35","50,929.65","Class","1200","Total:","3,370",1,25,"Total

Value @ Cost","Total

Value @Retail",0,"14,592.35","50,929.65","Dept","5092","Total:","3,370",1,25,"Total

Value @ Cost","Total

Value @Retail",0,"14,592.35","50,929.65","Grand Total:","3,370",1,25,"Total

Value @ Cost","Total

Value @Retail",0,"14,592.35","50,929.65","End of Report"
1-Apr-16,"Fairmont Stores","Page#   :","1", 9:27 AM,"Inventory Stock Level","Location:","User    :","0005","0536","Low","High","Department               :  5092        
Class                    :  1200        
Category                 :  CUST        STK
Brand                    :  METRO       
Detail                   :  Yes
Description              :  Yes
Include Inactive Sku     :  No","Brand ","Categ ","Model/Style","Description","SKU #","ID-1","ID-2","ID-3 ","ID-4  ","Loc

Code","Qty

Total","Qty On

Hold","Qty In

Transit","Retail

Price","Markdown

Price","Total

Value @ Cost","Total

Value @Retail","Qty

On Order","Row Bin ",,,,,,,,,,,,,,,,,,,,,,,,,,,,,,"**Dept ","5092","FOOD & BEVERAGE","**Class ","1200","TEA","**Subclass","_","NOT USED","_","_","_","_","STK","TEA BAGS SENCHA","METRO","CFB1-GR/523",25635,"_","_","_","_","0005",43,0,0,"14.95","14.95",193.72,642.85,0,,"Subclass","_","Total:","3,370",1,25,"Total

Value @ Cost","Total

Value @Retail",0,"14,592.35","50,929.65","Class","1200","Total:","3,370",1,25,"Total

Value @ Cost","Total

Value @Retail",0,"14,592.35","50,929.65","Dept","5092","Total:","3,370",1,25,"Total

Value @ Cost","Total

Value @Retail",0,"14,592.35","50,929.65","Grand Total:","3,370",1,25,"Total

Value @ Cost","Total

Value @Retail",0,"14,592.35","50,929.65","End of Report"
1-Apr-16,"Fairmont Stores","Page#   :","1", 9:27 AM,"Inventory Stock Level","Location:","User    :","0005","0536","Low","High","Department               :  5092        
Class                    :  1200        
Category                 :  CUST        STK
Brand                    :  METRO       
Detail                   :  Yes
Description              :  Yes
Include Inactive Sku     :  No","Brand ","Categ ","Model/Style","Description","SKU #","ID-1","ID-2","ID-3 ","ID-4  ","Loc

Code","Qty

Total","Qty On

Hold","Qty In

Transit","Retail

Price","Markdown

Price","Total

Value @ Cost","Total

Value @Retail","Qty

On Order","Row Bin ",,,,,,,,,,,,,,,,,,,,,,,,,,,,,,"**Dept ","5092","FOOD & BEVERAGE","**Class ","1200","TEA","**Subclass","_","NOT USED","_","_","_","_","STK","TEA BAGS LEMON ROOIBOS (25 BAGS)","METRO","CFB1-HB/002",43264,"_","_","_","_","0005",31,0,0,"14.95","14.95",134.75,463.45,0,,"Subclass","_","Total:","3,370",1,25,"Total

Value @ Cost","Total

Value @Retail",0,"14,592.35","50,929.65","Class","1200","Total:","3,370",1,25,"Total

Value @ Cost","Total

Value @Retail",0,"14,592.35","50,929.65","Dept","5092","Total:","3,370",1,25,"Total

Value @ Cost","Total

Value @Retail",0,"14,592.35","50,929.65","Grand Total:","3,370",1,25,"Total

Value @ Cost","Total

Value @Retail",0,"14,592.35","50,929.65","End of Report"
1-Apr-16,"Fairmont Stores","Page#   :","1", 9:27 AM,"Inventory Stock Level","Location:","User    :","0005","0536","Low","High","Department               :  5092        
Class                    :  1200        
Category                 :  CUST        STK
Brand                    :  METRO       
Detail                   :  Yes
Description              :  Yes
Include Inactive Sku     :  No","Brand ","Categ ","Model/Style","Description","SKU #","ID-1","ID-2","ID-3 ","ID-4  ","Loc

Code","Qty

Total","Qty On

Hold","Qty In

Transit","Retail

Price","Markdown

Price","Total

Value @ Cost","Total

Value @Retail","Qty

On Order","Row Bin ",,,,,,,,,,,,,,,,,,,,,,,,,,,,,,"**Dept ","5092","FOOD & BEVERAGE","**Class ","1200","TEA","**Subclass","_","NOT USED","_","_","_","_","STK","TEA BAGS PEPPERMINT","METRO","CFB1-HB/051",25638,"_","_","_","_","0005",43,0,0,"14.95","14.95",172.06,642.85,0,,"Subclass","_","Total:","3,370",1,25,"Total

Value @ Cost","Total

Value @Retail",0,"14,592.35","50,929.65","Class","1200","Total:","3,370",1,25,"Total

Value @ Cost","Total

Value @Retail",0,"14,592.35","50,929.65","Dept","5092","Total:","3,370",1,25,"Total

Value @ Cost","Total

Value @Retail",0,"14,592.35","50,929.65","Grand Total:","3,370",1,25,"Total

Value @ Cost","Total

Value @Retail",0,"14,592.35","50,929.65","End of Report"
1-Apr-16,"Fairmont Stores","Page#   :","1", 9:27 AM,"Inventory Stock Level","Location:","User    :","0005","0536","Low","High","Department               :  5092        
Class                    :  1200        
Category                 :  CUST        STK
Brand                    :  METRO       
Detail                   :  Yes
Description              :  Yes
Include Inactive Sku     :  No","Brand ","Categ ","Model/Style","Description","SKU #","ID-1","ID-2","ID-3 ","ID-4  ","Loc

Code","Qty

Total","Qty On

Hold","Qty In

Transit","Retail

Price","Markdown

Price","Total

Value @ Cost","Total

Value @Retail","Qty

On Order","Row Bin ",,,,,,,,,,,,,,,,,,,,,,,,,,,,,,"**Dept ","5092","FOOD & BEVERAGE","**Class ","1200","TEA","**Subclass","_","NOT USED","_","_","_","_","STK","TEA BAGS EGYPTIAN CAMMOMILE","METRO","CFB1-HB/203",25639,"_","_","_","_","0005",36,0,0,"14.95","14.95",135.03,538.20,0,,"Subclass","_","Total:","3,370",1,25,"Total

Value @ Cost","Total

Value @Retail",0,"14,592.35","50,929.65","Class","1200","Total:","3,370",1,25,"Total

Value @ Cost","Total

Value @Retail",0,"14,592.35","50,929.65","Dept","5092","Total:","3,370",1,25,"Total

Value @ Cost","Total

Value @Retail",0,"14,592.35","50,929.65","Grand Total:","3,370",1,25,"Total

Value @ Cost","Total

Value @Retail",0,"14,592.35","50,929.65","End of Report"
1-Apr-16,"Fairmont Stores","Page#   :","1", 9:27 AM,"Inventory Stock Level","Location:","User    :","0005","0536","Low","High","Department               :  5092        
Class                    :  1200        
Category                 :  CUST        STK
Brand                    :  METRO       
Detail                   :  Yes
Description              :  Yes
Include Inactive Sku     :  No","Brand ","Categ ","Model/Style","Description","SKU #","ID-1","ID-2","ID-3 ","ID-4  ","Loc

Code","Qty

Total","Qty On

Hold","Qty In

Transit","Retail

Price","Markdown

Price","Total

Value @ Cost","Total

Value @Retail","Qty

On Order","Row Bin ",,,,,,,,,,,,,,,,,,,,,,,,,,,,,,"**Dept ","5092","FOOD & BEVERAGE","**Class ","1200","TEA","**Subclass","_","NOT USED","_","_","_","_","STK","TEA BAGS KEA LANI","METRO","CFB1-HF/530",25640,"_","_","_","_","0005",137,0,0,"14.95","14.95",596.99,"2,048.15",0,,"Subclass","_","Total:","3,370",1,25,"Total

Value @ Cost","Total

Value @Retail",0,"14,592.35","50,929.65","Class","1200","Total:","3,370",1,25,"Total

Value @ Cost","Total

Value @Retail",0,"14,592.35","50,929.65","Dept","5092","Total:","3,370",1,25,"Total

Value @ Cost","Total

Value @Retail",0,"14,592.35","50,929.65","Grand Total:","3,370",1,25,"Total

Value @ Cost","Total

Value @Retail",0,"14,592.35","50,929.65","End of Report"
1-Apr-16,"Fairmont Stores","Page#   :","1", 9:27 AM,"Inventory Stock Level","Location:","User    :","0005","0536","Low","High","Department               :  5092        
Class                    :  1200        
Category                 :  CUST        STK
Brand                    :  METRO       
Detail                   :  Yes
Description              :  Yes
Include Inactive Sku     :  No","Brand ","Categ ","Model/Style","Description","SKU #","ID-1","ID-2","ID-3 ","ID-4  ","Loc

Code","Qty

Total","Qty On

Hold","Qty In

Transit","Retail

Price","Markdown

Price","Total

Value @ Cost","Total

Value @Retail","Qty

On Order","Row Bin ",,,,,,,,,,,,,,,,,,,,,,,,,,,,,,"**Dept ","5092","FOOD & BEVERAGE","**Class ","1200","TEA","**Subclass","_","NOT USED","_","_","_","_","STK","TEA BAGS WILLOW STREAM SPA BLEND","METRO","CFBI-DF/512",24979,"_","_","_","_","0005",57,0,0,"14.95","14.95",242.51,852.15,0,,"Subclass","_","Total:","3,370",1,25,"Total

Value @ Cost","Total

Value @Retail",0,"14,592.35","50,929.65","Class","1200","Total:","3,370",1,25,"Total

Value @ Cost","Total

Value @Retail",0,"14,592.35","50,929.65","Dept","5092","Total:","3,370",1,25,"Total

Value @ Cost","Total

Value @Retail",0,"14,592.35","50,929.65","Grand Total:","3,370",1,25,"Total

Value @ Cost","Total

Value @Retail",0,"14,592.35","50,929.65","End of Report"
1-Apr-16,"Fairmont Stores","Page#   :","1", 9:27 AM,"Inventory Stock Level","Location:","User    :","0005","0536","Low","High","Department               :  5092        
Class                    :  1200        
Category                 :  CUST        STK
Brand                    :  METRO       
Detail                   :  Yes
Description              :  Yes
Include Inactive Sku     :  No","Brand ","Categ ","Model/Style","Description","SKU #","ID-1","ID-2","ID-3 ","ID-4  ","Loc

Code","Qty

Total","Qty On

Hold","Qty In

Transit","Retail

Price","Markdown

Price","Total

Value @ Cost","Total

Value @Retail","Qty

On Order","Row Bin ",,,,,,,,,,,,,,,,,,,,,,,,,,,,,,"**Dept ","5092","FOOD & BEVERAGE","**Class ","1200","TEA","**Subclass","_","NOT USED","_","_","_","_","STK","TEA BAGS JASMINE BUTTERFLY","METRO","CFBI-GR/520",24980,"_","_","_","_","0005",68,0,0,"14.95","14.95",295.96,"1,016.60",0,,"Subclass","_","Total:","3,370",1,25,"Total

Value @ Cost","Total

Value @Retail",0,"14,592.35","50,929.65","Class","1200","Total:","3,370",1,25,"Total

Value @ Cost","Total

Value @Retail",0,"14,592.35","50,929.65","Dept","5092","Total:","3,370",1,25,"Total

Value @ Cost","Total

Value @Retail",0,"14,592.35","50,929.65","Grand Total:","3,370",1,25,"Total

Value @ Cost","Total

Value @Retail",0,"14,592.35","50,929.65","End of Report"
1-Apr-16,"Fairmont Stores","Page#   :","1", 9:27 AM,"Inventory Stock Level","Location:","User    :","0005","0536","Low","High","Department               :  5092        
Class                    :  1200        
Category                 :  CUST        STK
Brand                    :  METRO       
Detail                   :  Yes
Description              :  Yes
Include Inactive Sku     :  No","Brand ","Categ ","Model/Style","Description","SKU #","ID-1","ID-2","ID-3 ","ID-4  ","Loc

Code","Qty

Total","Qty On

Hold","Qty In

Transit","Retail

Price","Markdown

Price","Total

Value @ Cost","Total

Value @Retail","Qty

On Order","Row Bin ",,,,,,,,,,,,,,,,,,,,,,,,,,,,,,"**Dept ","5092","FOOD & BEVERAGE","**Class ","1200","TEA","**Subclass","_","NOT USED","_","_","_","_","STK","TEA MONTEBELLO APPLE SPICE","METRO","CFBI-HF/056",49123,"_","_","_","_","0005",24,0,0,"14.95","14.95",87.67,358.80,0,,"Subclass","_","Total:","3,370",1,25,"Total

Value @ Cost","Total

Value @Retail",0,"14,592.35","50,929.65","Class","1200","Total:","3,370",1,25,"Total

Value @ Cost","Total

Value @Retail",0,"14,592.35","50,929.65","Dept","5092","Total:","3,370",1,25,"Total

Value @ Cost","Total

Value @Retail",0,"14,592.35","50,929.65","Grand Total:","3,370",1,25,"Total

Value @ Cost","Total

Value @Retail",0,"14,592.35","50,929.65","End of Report"
1-Apr-16,"Fairmont Stores","Page#   :","1", 9:27 AM,"Inventory Stock Level","Location:","User    :","0005","0536","Low","High","Department               :  5092        
Class                    :  1200        
Category                 :  CUST        STK
Brand                    :  METRO       
Detail                   :  Yes
Description              :  Yes
Include Inactive Sku     :  No","Brand ","Categ ","Model/Style","Description","SKU #","ID-1","ID-2","ID-3 ","ID-4  ","Loc

Code","Qty

Total","Qty On

Hold","Qty In

Transit","Retail

Price","Markdown

Price","Total

Value @ Cost","Total

Value @Retail","Qty

On Order","Row Bin ",,,,,,,,,,,,,,,,,,,,,,,,,,,,,,"**Dept ","5092","FOOD & BEVERAGE","**Class ","1200","TEA","**Subclass","_","NOT USED","_","_","_","_","STK","TEA BAGS BERRY BERRY","METRO","CFBI-HF/531",24981,"_","_","_","_","0005",128,0,0,"14.95","14.95",556.60,"1,913.60",0,,"Subclass","_","Total:","3,370",1,25,"Total

Value @ Cost","Total

Value @Retail",0,"14,592.35","50,929.65","Class","1200","Total:","3,370",1,25,"Total

Value @ Cost","Total

Value @Retail",0,"14,592.35","50,929.65","Dept","5092","Total:","3,370",1,25,"Total

Value @ Cost","Total

Value @Retail",0,"14,592.35","50,929.65","Grand Total:","3,370",1,25,"Total

Value @ Cost","Total

Value @Retail",0,"14,592.35","50,929.65","End of Report"
1-Apr-16,"Fairmont Stores","Page#   :","1", 9:27 AM,"Inventory Stock Level","Location:","User    :","0005","0536","Low","High","Department               :  5092        
Class                    :  1200        
Category                 :  CUST        STK
Brand                    :  METRO       
Detail                   :  Yes
Description              :  Yes
Include Inactive Sku     :  No","Brand ","Categ ","Model/Style","Description","SKU #","ID-1","ID-2","ID-3 ","ID-4  ","Loc

Code","Qty

Total","Qty On

Hold","Qty In

Transit","Retail

Price","Markdown

Price","Total

Value @ Cost","Total

Value @Retail","Qty

On Order","Row Bin ",,,,,,,,,,,,,,,,,,,,,,,,,,,,,,"**Dept ","5092","FOOD & BEVERAGE","**Class ","1200","TEA","**Subclass","_","NOT USED","_","_","_","_","STK","TEA BAG FAIRMONT EARL GREY","METRO","CFBI-SP/006",24982,"_","_","_","_","0005",136,0,0,"14.95","14.95",592.01,"2,033.20",0,,"Subclass","_","Total:","3,370",1,25,"Total

Value @ Cost","Total

Value @Retail",0,"14,592.35","50,929.65","Class","1200","Total:","3,370",1,25,"Total

Value @ Cost","Total

Value @Retail",0,"14,592.35","50,929.65","Dept","5092","Total:","3,370",1,25,"Total

Value @ Cost","Total

Value @Retail",0,"14,592.35","50,929.65","Grand Total:","3,370",1,25,"Total

Value @ Cost","Total

Value @Retail",0,"14,592.35","50,929.65","End of Report"
1-Apr-16,"Fairmont Stores","Page#   :","1", 9:27 AM,"Inventory Stock Level","Location:","User    :","0005","0536","Low","High","Department               :  5092        
Class                    :  1200        
Category                 :  CUST        STK
Brand                    :  METRO       
Detail                   :  Yes
Description              :  Yes
Include Inactive Sku     :  No","Brand ","Categ ","Model/Style","Description","SKU #","ID-1","ID-2","ID-3 ","ID-4  ","Loc

Code","Qty

Total","Qty On

Hold","Qty In

Transit","Retail

Price","Markdown

Price","Total

Value @ Cost","Total

Value @Retail","Qty

On Order","Row Bin ",,,,,,,,,,,,,,,,,,,,,,,,,,,,,,"**Dept ","5092","FOOD & BEVERAGE","**Class ","1200","TEA","**Subclass","_","NOT USED","_","_","_","_","STK","TEA BAG EMPRESS ORANGE PEKOE","METRO","CFBI-SP/540",24983,"_","_","_","_","0005",58,0,0,"14.95","14.95",231.96,867.10,0,,"Subclass","_","Total:","3,370",1,25,"Total

Value @ Cost","Total

Value @Retail",0,"14,592.35","50,929.65","Class","1200","Total:","3,370",1,25,"Total

Value @ Cost","Total

Value @Retail",0,"14,592.35","50,929.65","Dept","5092","Total:","3,370",1,25,"Total

Value @ Cost","Total

Value @Retail",0,"14,592.35","50,929.65","Grand Total:","3,370",1,25,"Total

Value @ Cost","Total

Value @Retail",0,"14,592.35","50,929.65","End of Report"
1-Apr-16,"Fairmont Stores","Page#   :","1", 9:27 AM,"Inventory Stock Level","Location:","User    :","0005","0536","Low","High","Department               :  5092        
Class                    :  1200        
Category                 :  CUST        STK
Brand                    :  METRO       
Detail                   :  Yes
Description              :  Yes
Include Inactive Sku     :  No","Brand ","Categ ","Model/Style","Description","SKU #","ID-1","ID-2","ID-3 ","ID-4  ","Loc

Code","Qty

Total","Qty On

Hold","Qty In

Transit","Retail

Price","Markdown

Price","Total

Value @ Cost","Total

Value @Retail","Qty

On Order","Row Bin ",,,,,,,,,,,,,,,,,,,,,,,,,,,,,,"**Dept ","5092","FOOD & BEVERAGE","**Class ","1200","TEA","**Subclass","_","NOT USED","_","_","_","_","STK","TEA BAG FAIRMONT BREAKFAST","METRO","CFBI-SP/670",24984,"_","_","_","_","0005",51,0,0,"14.95","14.95",204.35,762.45,0,,"Subclass","_","Total:","3,370",1,25,"Total

Value @ Cost","Total

Value @Retail",0,"14,592.35","50,929.65","Class","1200","Total:","3,370",1,25,"Total

Value @ Cost","Total

Value @Retail",0,"14,592.35","50,929.65","Dept","5092","Total:","3,370",1,25,"Total

Value @ Cost","Total

Value @Retail",0,"14,592.35","50,929.65","Grand Total:","3,370",1,25,"Total

Value @ Cost","Total

Value @Retail",0,"14,592.35","50,929.65","End of Report"
1-Apr-16,"Fairmont Stores","Page#   :","1", 9:27 AM,"Inventory Stock Level","Location:","User    :","0005","0536","Low","High","Department               :  5092        
Class                    :  1200        
Category                 :  CUST        STK
Brand                    :  METRO       
Detail                   :  Yes
Description              :  Yes
Include Inactive Sku     :  No","Brand ","Categ ","Model/Style","Description","SKU #","ID-1","ID-2","ID-3 ","ID-4  ","Loc

Code","Qty

Total","Qty On

Hold","Qty In

Transit","Retail

Price","Markdown

Price","Total

Value @ Cost","Total

Value @Retail","Qty

On Order","Row Bin ",,,,,,,,,,,,,,,,,,,,,,,,,,,,,,"**Dept ","5092","FOOD & BEVERAGE","**Class ","1200","TEA","**Subclass","_","NOT USED","_","_","_","_","STK","TEA MASALA CHAI","METRO","CFBI-SP/852",49122,"_","_","_","_","0005",21,0,0,"14.95","14.95",76.76,313.95,0,,"Subclass","_","Total:","3,370",1,25,"Total

Value @ Cost","Total

Value @Retail",0,"14,592.35","50,929.65","Class","1200","Total:","3,370",1,25,"Total

Value @ Cost","Total

Value @Retail",0,"14,592.35","50,929.65","Dept","5092","Total:","3,370",1,25,"Total

Value @ Cost","Total

Value @Retail",0,"14,592.35","50,929.65","Grand Total:","3,370",1,25,"Total

Value @ Cost","Total

Value @Retail",0,"14,592.35","50,929.65","End of Report"
1-Apr-16,"Fairmont Stores","Page#   :","1", 9:27 AM,"Inventory Stock Level","Location:","User    :","0005","0536","Low","High","Department               :  5092        
Class                    :  1200        
Category                 :  CUST        STK
Brand                    :  METRO       
Detail                   :  Yes
Description              :  Yes
Include Inactive Sku     :  No","Brand ","Categ ","Model/Style","Description","SKU #","ID-1","ID-2","ID-3 ","ID-4  ","Loc

Code","Qty

Total","Qty On

Hold","Qty In

Transit","Retail

Price","Markdown

Price","Total

Value @ Cost","Total

Value @Retail","Qty

On Order","Row Bin ",,,,,,,,,,,,,,,,,,,,,,,,,,,,,,"**Dept ","5092","FOOD & BEVERAGE","**Class ","1200","TEA","**Subclass","_","NOT USED","_","_","_","_","STK","ENERGY TEA (25 BAG)","METRO","CFBI-WL 855",74157,"_","_","_","_","0005",5,0,0,"14.95","14.95",20.66,74.75,0,,"Subclass","_","Total:","3,370",1,25,"Total

Value @ Cost","Total

Value @Retail",0,"14,592.35","50,929.65","Class","1200","Total:","3,370",1,25,"Total

Value @ Cost","Total

Value @Retail",0,"14,592.35","50,929.65","Dept","5092","Total:","3,370",1,25,"Total

Value @ Cost","Total

Value @Retail",0,"14,592.35","50,929.65","Grand Total:","3,370",1,25,"Total

Value @ Cost","Total

Value @Retail",0,"14,592.35","50,929.65","End of Report"
1-Apr-16,"Fairmont Stores","Page#   :","1", 9:27 AM,"Inventory Stock Level","Location:","User    :","0005","0536","Low","High","Department               :  5092        
Class                    :  1200        
Category                 :  CUST        STK
Brand                    :  METRO       
Detail                   :  Yes
Description              :  Yes
Include Inactive Sku     :  No","Brand ","Categ ","Model/Style","Description","SKU #","ID-1","ID-2","ID-3 ","ID-4  ","Loc

Code","Qty

Total","Qty On

Hold","Qty In

Transit","Retail

Price","Markdown

Price","Total

Value @ Cost","Total

Value @Retail","Qty

On Order","Row Bin ",,,,,,,,,,,,,,,,,,,,,,,,,,,,,,"**Dept ","5092","FOOD & BEVERAGE","**Class ","1200","TEA","**Subclass","_","NOT USED","_","_","_","_","STK","TRANQUILITY TEA (25 BAG)","METRO","CFBI-WL 856",74158,"_","_","_","_","0005",63,0,0,"14.95","14.95",261.33,941.85,0,,"Subclass","_","Total:","3,370",1,25,"Total

Value @ Cost","Total

Value @Retail",0,"14,592.35","50,929.65","Class","1200","Total:","3,370",1,25,"Total

Value @ Cost","Total

Value @Retail",0,"14,592.35","50,929.65","Dept","5092","Total:","3,370",1,25,"Total

Value @ Cost","Total

Value @Retail",0,"14,592.35","50,929.65","Grand Total:","3,370",1,25,"Total

Value @ Cost","Total

Value @Retail",0,"14,592.35","50,929.65","End of Report"
1-Apr-16,"Fairmont Stores","Page#   :","1", 9:27 AM,"Inventory Stock Level","Location:","User    :","0005","0536","Low","High","Department               :  5092        
Class                    :  1200        
Category                 :  CUST        STK
Brand                    :  METRO       
Detail                   :  Yes
Description              :  Yes
Include Inactive Sku     :  No","Brand ","Categ ","Model/Style","Description","SKU #","ID-1","ID-2","ID-3 ","ID-4  ","Loc

Code","Qty

Total","Qty On

Hold","Qty In

Transit","Retail

Price","Markdown

Price","Total

Value @ Cost","Total

Value @Retail","Qty

On Order","Row Bin ",,,,,,,,,,,,,,,,,,,,,,,,,,,,,,"**Dept ","5092","FOOD & BEVERAGE","**Class ","1200","TEA","**Subclass","_","NOT USED","_","_","_","_","STK","EQUILIBRIUM TEA (25 BAG)","METRO","CFBI-WL 857",74159,"_","_","_","_","0005",20,0,0,"14.95","14.95",82.95,299.00,0,,"Subclass","_","Total:","3,370",1,25,"Total

Value @ Cost","Total

Value @Retail",0,"14,592.35","50,929.65","Class","1200","Total:","3,370",1,25,"Total

Value @ Cost","Total

Value @Retail",0,"14,592.35","50,929.65","Dept","5092","Total:","3,370",1,25,"Total

Value @ Cost","Total

Value @Retail",0,"14,592.35","50,929.65","Grand Total:","3,370",1,25,"Total

Value @ Cost","Total

Value @Retail",0,"14,592.35","50,929.65","End of Report"
1-Apr-16,"Fairmont Stores","Page#   :","1", 9:27 AM,"Inventory Stock Level","Location:","User    :","0005","0536","Low","High","Department               :  5092        
Class                    :  1200        
Category                 :  CUST        STK
Brand                    :  METRO       
Detail                   :  Yes
Description              :  Yes
Include Inactive Sku     :  No","Brand ","Categ ","Model/Style","Description","SKU #","ID-1","ID-2","ID-3 ","ID-4  ","Loc

Code","Qty

Total","Qty On

Hold","Qty In

Transit","Retail

Price","Markdown

Price","Total

Value @ Cost","Total

Value @Retail","Qty

On Order","Row Bin ",,,,,,,,,,,,,,,,,,,,,,,,,,,,,,"**Dept ","5092","FOOD & BEVERAGE","**Class ","1200","TEA","**Subclass","_","NOT USED","_","_","_","_","STK","DIGESTIF TEA (25 BAG)","METRO","CFBI-WL 858",74160,"_","_","_","_","0005",0,0,0,"14.95","14.95",-0.01,0.00,0,,"Subclass","_","Total:","3,370",1,25,"Total

Value @ Cost","Total

Value @Retail",0,"14,592.35","50,929.65","Class","1200","Total:","3,370",1,25,"Total

Value @ Cost","Total

Value @Retail",0,"14,592.35","50,929.65","Dept","5092","Total:","3,370",1,25,"Total

Value @ Cost","Total

Value @Retail",0,"14,592.35","50,929.65","Grand Total:","3,370",1,25,"Total

Value @ Cost","Total

Value @Retail",0,"14,592.35","50,929.65","End of Report"
1-Apr-16,"Fairmont Stores","Page#   :","1", 9:27 AM,"Inventory Stock Level","Location:","User    :","0005","0536","Low","High","Department               :  5092        
Class                    :  1200        
Category                 :  CUST        STK
Brand                    :  METRO       
Detail                   :  Yes
Description              :  Yes
Include Inactive Sku     :  No","Brand ","Categ ","Model/Style","Description","SKU #","ID-1","ID-2","ID-3 ","ID-4  ","Loc

Code","Qty

Total","Qty On

Hold","Qty In

Transit","Retail

Price","Markdown

Price","Total

Value @ Cost","Total

Value @Retail","Qty

On Order","Row Bin ",,,,,,,,,,,,,,,,,,,,,,,,,,,,,,"**Dept ","5092","FOOD & BEVERAGE","**Class ","1200","TEA","**Subclass","_","NOT USED","_","_","_","_","STK","ANTIOXIDANT TEA (25 BAG)","METRO","CFBI-WL 859",74161,"_","_","_","_","0005",16,0,0,"14.95","14.95",66.45,239.20,0,,"Subclass","_","Total:","3,370",1,25,"Total

Value @ Cost","Total

Value @Retail",0,"14,592.35","50,929.65","Class","1200","Total:","3,370",1,25,"Total

Value @ Cost","Total

Value @Retail",0,"14,592.35","50,929.65","Dept","5092","Total:","3,370",1,25,"Total

Value @ Cost","Total

Value @Retail",0,"14,592.35","50,929.65","Grand Total:","3,370",1,25,"Total

Value @ Cost","Total

Value @Retail",0,"14,592.35","50,929.65","End of Report"
1-Apr-16,"Fairmont Stores","Page#   :","1", 9:27 AM,"Inventory Stock Level","Location:","User    :","0005","0536","Low","High","Department               :  5092        
Class                    :  1200        
Category                 :  CUST        STK
Brand                    :  METRO       
Detail                   :  Yes
Description              :  Yes
Include Inactive Sku     :  No","Brand ","Categ ","Model/Style","Description","SKU #","ID-1","ID-2","ID-3 ","ID-4  ","Loc

Code","Qty

Total","Qty On

Hold","Qty In

Transit","Retail

Price","Markdown

Price","Total

Value @ Cost","Total

Value @Retail","Qty

On Order","Row Bin ",,,,,,,,,,,,,,,,,,,,,,,,,,,,,,"**Dept ","5092","FOOD & BEVERAGE","**Class ","1200","TEA","**Subclass","_","NOT USED","_","_","_","_","CUST","TEA WILLOW STREAM 100gm FH&R","METRO","cflt-1df/512",52665,"_","_","_","_","0005",54,0,0,"12.95","12.95",197.45,699.30,0,,"Subclass","_","Total:","3,370",1,25,"Total

Value @ Cost","Total

Value @Retail",0,"14,592.35","50,929.65","Class","1200","Total:","3,370",1,25,"Total

Value @ Cost","Total

Value @Retail",0,"14,592.35","50,929.65","Dept","5092","Total:","3,370",1,25,"Total

Value @ Cost","Total

Value @Retail",0,"14,592.35","50,929.65","Grand Total:","3,370",1,25,"Total

Value @ Cost","Total

Value @Retail",0,"14,592.35","50,929.65","End of Report"
1-Apr-16,"Fairmont Stores","Page#   :","1", 9:27 AM,"Inventory Stock Level","Location:","User    :","0005","0536","Low","High","Department               :  5092        
Class                    :  1200        
Category                 :  CUST        STK
Brand                    :  METRO       
Detail                   :  Yes
Description              :  Yes
Include Inactive Sku     :  No","Brand ","Categ ","Model/Style","Description","SKU #","ID-1","ID-2","ID-3 ","ID-4  ","Loc

Code","Qty

Total","Qty On

Hold","Qty In

Transit","Retail

Price","Markdown

Price","Total

Value @ Cost","Total

Value @Retail","Qty

On Order","Row Bin ",,,,,,,,,,,,,,,,,,,,,,,,,,,,,,"**Dept ","5092","FOOD & BEVERAGE","**Class ","1200","TEA","**Subclass","_","NOT USED","_","_","_","_","CUST","TEA MAPLE MAPLE 100gm FH&R","METRO","cflt-1fv/041",52667,"_","_","_","_","0005",84,0,0,"12.95","12.95",306.80,"1,087.80",0,,"Subclass","_","Total:","3,370",1,25,"Total

Value @ Cost","Total

Value @Retail",0,"14,592.35","50,929.65","Class","1200","Total:","3,370",1,25,"Total

Value @ Cost","Total

Value @Retail",0,"14,592.35","50,929.65","Dept","5092","Total:","3,370",1,25,"Total

Value @ Cost","Total

Value @Retail",0,"14,592.35","50,929.65","Grand Total:","3,370",1,25,"Total

Value @ Cost","Total

Value @Retail",0,"14,592.35","50,929.65","End of Report"
1-Apr-16,"Fairmont Stores","Page#   :","1", 9:27 AM,"Inventory Stock Level","Location:","User    :","0005","0536","Low","High","Department               :  5092        
Class                    :  1200        
Category                 :  CUST        STK
Brand                    :  METRO       
Detail                   :  Yes
Description              :  Yes
Include Inactive Sku     :  No","Brand ","Categ ","Model/Style","Description","SKU #","ID-1","ID-2","ID-3 ","ID-4  ","Loc

Code","Qty

Total","Qty On

Hold","Qty In

Transit","Retail

Price","Markdown

Price","Total

Value @ Cost","Total

Value @Retail","Qty

On Order","Row Bin ",,,,,,,,,,,,,,,,,,,,,,,,,,,,,,"**Dept ","5092","FOOD & BEVERAGE","**Class ","1200","TEA","**Subclass","_","NOT USED","_","_","_","_","CUST","100g BREAKFAST FH&R LOOSE TEA","METRO","CFMT/1SP/670",85353,"_","_","_","_","0005",101,0,0,"12.95","12.95",379.13,"1,307.95",0,,"Subclass","_","Total:","3,370",1,25,"Total

Value @ Cost","Total

Value @Retail",0,"14,592.35","50,929.65","Class","1200","Total:","3,370",1,25,"Total

Value @ Cost","Total

Value @Retail",0,"14,592.35","50,929.65","Dept","5092","Total:","3,370",1,25,"Total

Value @ Cost","Total

Value @Retail",0,"14,592.35","50,929.65","Grand Total:","3,370",1,25,"Total

Value @ Cost","Total

Value @Retail",0,"14,592.35","50,929.65","End of Report"
1-Apr-16,"Fairmont Stores","Page#   :","1", 9:27 AM,"Inventory Stock Level","Location:","User    :","0005","0536","Low","High","Department               :  5092        
Class                    :  1200        
Category                 :  CUST        STK
Brand                    :  METRO       
Detail                   :  Yes
Description              :  Yes
Include Inactive Sku     :  No","Brand ","Categ ","Model/Style","Description","SKU #","ID-1","ID-2","ID-3 ","ID-4  ","Loc

Code","Qty

Total","Qty On

Hold","Qty In

Transit","Retail

Price","Markdown

Price","Total

Value @ Cost","Total

Value @Retail","Qty

On Order","Row Bin ",,,,,,,,,,,,,,,,,,,,,,,,,,,,,,"**Dept ","5092","FOOD & BEVERAGE","**Class ","1200","TEA","**Subclass","_","NOT USED","_","_","_","_","CUST","100g JASMINE BUTTERFLY FH&R LOOSE TEA","METRO","CFMT-1GR/520",85350,"_","_","_","_","0005",54,0,0,"12.95","12.95",197.77,699.30,0,,"Subclass","_","Total:","3,370",1,25,"Total

Value @ Cost","Total

Value @Retail",0,"14,592.35","50,929.65","Class","1200","Total:","3,370",1,25,"Total

Value @ Cost","Total

Value @Retail",0,"14,592.35","50,929.65","Dept","5092","Total:","3,370",1,25,"Total

Value @ Cost","Total

Value @Retail",0,"14,592.35","50,929.65","Grand Total:","3,370",1,25,"Total

Value @ Cost","Total

Value @Retail",0,"14,592.35","50,929.65","End of Report"
1-Apr-16,"Fairmont Stores","Page#   :","1", 9:27 AM,"Inventory Stock Level","Location:","User    :","0005","0536","Low","High","Department               :  5092        
Class                    :  1200        
Category                 :  CUST        STK
Brand                    :  METRO       
Detail                   :  Yes
Description              :  Yes
Include Inactive Sku     :  No","Brand ","Categ ","Model/Style","Description","SKU #","ID-1","ID-2","ID-3 ","ID-4  ","Loc

Code","Qty

Total","Qty On

Hold","Qty In

Transit","Retail

Price","Markdown

Price","Total

Value @ Cost","Total

Value @Retail","Qty

On Order","Row Bin ",,,,,,,,,,,,,,,,,,,,,,,,,,,,,,"**Dept ","5092","FOOD & BEVERAGE","**Class ","1200","TEA","**Subclass","_","NOT USED","_","_","_","_","CUST","100g KEA LANI FH&R LOOSE TEA","METRO","CFMT-1HF/530",85351,"_","_","_","_","0005",134,0,0,"12.95","12.95",489.26,"1,735.30",0,,"Subclass","_","Total:","3,370",1,25,"Total

Value @ Cost","Total

Value @Retail",0,"14,592.35","50,929.65","Class","1200","Total:","3,370",1,25,"Total

Value @ Cost","Total

Value @Retail",0,"14,592.35","50,929.65","Dept","5092","Total:","3,370",1,25,"Total

Value @ Cost","Total

Value @Retail",0,"14,592.35","50,929.65","Grand Total:","3,370",1,25,"Total

Value @ Cost","Total

Value @Retail",0,"14,592.35","50,929.65","End of Report"
1-Apr-16,"Fairmont Stores","Page#   :","1", 9:27 AM,"Inventory Stock Level","Location:","User    :","0005","0536","Low","High","Department               :  5092        
Class                    :  1200        
Category                 :  CUST        STK
Brand                    :  METRO       
Detail                   :  Yes
Description              :  Yes
Include Inactive Sku     :  No","Brand ","Categ ","Model/Style","Description","SKU #","ID-1","ID-2","ID-3 ","ID-4  ","Loc

Code","Qty

Total","Qty On

Hold","Qty In

Transit","Retail

Price","Markdown

Price","Total

Value @ Cost","Total

Value @Retail","Qty

On Order","Row Bin ",,,,,,,,,,,,,,,,,,,,,,,,,,,,,,"**Dept ","5092","FOOD & BEVERAGE","**Class ","1200","TEA","**Subclass","_","NOT USED","_","_","_","_","CUST","100g BERRY FH&R LOOSE TEA","METRO","CFMT-1HF/531",85823,"_","_","_","_","0005",69,0,0,"12.95","12.95",252.75,893.55,0,,"Subclass","_","Total:","3,370",1,25,"Total

Value @ Cost","Total

Value @Retail",0,"14,592.35","50,929.65","Class","1200","Total:","3,370",1,25,"Total

Value @ Cost","Total

Value @Retail",0,"14,592.35","50,929.65","Dept","5092","Total:","3,370",1,25,"Total

Value @ Cost","Total

Value @Retail",0,"14,592.35","50,929.65","Grand Total:","3,370",1,25,"Total

Value @ Cost","Total

Value @Retail",0,"14,592.35","50,929.65","End of Report"
1-Apr-16,"Fairmont Stores","Page#   :","1", 9:27 AM,"Inventory Stock Level","Location:","User    :","0005","0536","Low","High","Department               :  5092        
Class                    :  1200        
Category                 :  CUST        STK
Brand                    :  METRO       
Detail                   :  Yes
Description              :  Yes
Include Inactive Sku     :  No","Brand ","Categ ","Model/Style","Description","SKU #","ID-1","ID-2","ID-3 ","ID-4  ","Loc

Code","Qty

Total","Qty On

Hold","Qty In

Transit","Retail

Price","Markdown

Price","Total

Value @ Cost","Total

Value @Retail","Qty

On Order","Row Bin ",,,,,,,,,,,,,,,,,,,,,,,,,,,,,,"**Dept ","5092","FOOD & BEVERAGE","**Class ","1200","TEA","**Subclass","_","NOT USED","_","_","_","_","CUST","100g EARLGREY FH&R LOOSE TEA","METRO","CFMT-1SP/006",85354,"_","_","_","_","0005",155,0,0,"12.95","12.95",565.71,"2,007.25",0,,"Subclass","_","Total:","3,370",1,25,"Total

Value @ Cost","Total

Value @Retail",0,"14,592.35","50,929.65","Class","1200","Total:","3,370",1,25,"Total

Value @ Cost","Total

Value @Retail",0,"14,592.35","50,929.65","Dept","5092","Total:","3,370",1,25,"Total

Value @ Cost","Total

Value @Retail",0,"14,592.35","50,929.65","Grand Total:","3,370",1,25,"Total

Value @ Cost","Total

Value @Retail",0,"14,592.35","50,929.65","End of Report"
1-Apr-16,"Fairmont Stores","Page#   :","1", 9:27 AM,"Inventory Stock Level","Location:","User    :","0005","0536","Low","High","Department               :  5092        
Class                    :  1200        
Category                 :  CUST        STK
Brand                    :  METRO       
Detail                   :  Yes
Description              :  Yes
Include Inactive Sku     :  No","Brand ","Categ ","Model/Style","Description","SKU #","ID-1","ID-2","ID-3 ","ID-4  ","Loc

Code","Qty

Total","Qty On

Hold","Qty In

Transit","Retail

Price","Markdown

Price","Total

Value @ Cost","Total

Value @Retail","Qty

On Order","Row Bin ",,,,,,,,,,,,,,,,,,,,,,,,,,,,,,"**Dept ","5092","FOOD & BEVERAGE","**Class ","1200","TEA","**Subclass","_","NOT USED","_","_","_","_","CUST","100g EMPRESS FH&R LOOSE TEA","METRO","CFMT-1SP/540",85352,"_","_","_","_","0005",116,0,0,"12.95","12.95",423.26,"1,502.20",0,,"Subclass","_","Total:","3,370",1,25,"Total

Value @ Cost","Total

Value @Retail",0,"14,592.35","50,929.65","Class","1200","Total:","3,370",1,25,"Total

Value @ Cost","Total

Value @Retail",0,"14,592.35","50,929.65","Dept","5092","Total:","3,370",1,25,"Total

Value @ Cost","Total

Value @Retail",0,"14,592.35","50,929.65","Grand Total:","3,370",1,25,"Total

Value @ Cost","Total

Value @Retail",0,"14,592.35","50,929.65","End of Report"
1-Apr-16,"Fairmont Stores","Page#   :","1", 9:27 AM,"Inventory Stock Level","Location:","User    :","0005","0536","Low","High","Department               :  5092        
Class                    :  1200        
Category                 :  CUST        STK
Brand                    :  METRO       
Detail                   :  Yes
Description              :  Yes
Include Inactive Sku     :  No","Brand ","Categ ","Model/Style","Description","SKU #","ID-1","ID-2","ID-3 ","ID-4  ","Loc

Code","Qty

Total","Qty On

Hold","Qty In

Transit","Retail

Price","Markdown

Price","Total

Value @ Cost","Total

Value @Retail","Qty

On Order","Row Bin ",,,,,,,,,,,,,,,,,,,,,,,,,,,,,,"**Dept ","5092","FOOD & BEVERAGE","**Class ","1200","TEA","**Subclass","_","NOT USED","_","_","_","_","STK","TEA AT THE EMPRESS LOOSE","METRO","CFMT-5SP/540 500g",99938,"_","_","_","_","0005",44,0,0,"44.95","44.95",504.77,"1,977.80",0,,"Subclass","_","Total:","3,370",1,25,"Total

Value @ Cost","Total

Value @Retail",0,"14,592.35","50,929.65","Class","1200","Total:","3,370",1,25,"Total

Value @ Cost","Total

Value @Retail",0,"14,592.35","50,929.65","Dept","5092","Total:","3,370",1,25,"Total

Value @ Cost","Total

Value @Retail",0,"14,592.35","50,929.65","Grand Total:","3,370",1,25,"Total

Value @ Cost","Total

Value @Retail",0,"14,592.35","50,929.65","End of Report"
1-Apr-16,"Fairmont Stores","Page#   :","1", 9:27 AM,"Inventory Stock Level","Location:","User    :","0005","0536","Low","High","Department               :  5092        
Class                    :  1200        
Category                 :  CUST        STK
Brand                    :  METRO       
Detail                   :  Yes
Description              :  Yes
Include Inactive Sku     :  No","Brand ","Categ ","Model/Style","Description","SKU #","ID-1","ID-2","ID-3 ","ID-4  ","Loc

Code","Qty

Total","Qty On

Hold","Qty In

Transit","Retail

Price","Markdown

Price","Total

Value @ Cost","Total

Value @Retail","Qty

On Order","Row Bin ",,,,,,,,,,,,,,,,,,,,,,,,,,,,,,"**Dept ","5092","FOOD & BEVERAGE","**Class ","1200","TEA","**Subclass","_","NOT USED","_","_","_","_","STK","EMPRESS 10 TB SAMPLER CELLO WRAP","METRO","C-FT10 CELLO",18405,"_","_","_","_","0005",368,0,0,"8.95","8.95",440.35,"3,293.60",0,,"Subclass","_","Total:","3,370",1,25,"Total

Value @ Cost","Total

Value @Retail",0,"14,592.35","50,929.65","Class","1200","Total:","3,370",1,25,"Total

Value @ Cost","Total

Value @Retail",0,"14,592.35","50,929.65","Dept","5092","Total:","3,370",1,25,"Total

Value @ Cost","Total

Value @Retail",0,"14,592.35","50,929.65","Grand Total:","3,370",1,25,"Total

Value @ Cost","Total

Value @Retail",0,"14,592.35","50,929.65","End of Report"
1-Apr-16,"Fairmont Stores","Page#   :","1", 9:27 AM,"Inventory Stock Level","Location:","User    :","0005","0536","Low","High","Department               :  5092        
Class                    :  1200        
Category                 :  CUST        STK
Brand                    :  METRO       
Detail                   :  Yes
Description              :  Yes
Include Inactive Sku     :  No","Brand ","Categ ","Model/Style","Description","SKU #","ID-1","ID-2","ID-3 ","ID-4  ","Loc

Code","Qty

Total","Qty On

Hold","Qty In

Transit","Retail

Price","Markdown

Price","Total

Value @ Cost","Total

Value @Retail","Qty

On Order","Row Bin ",,,,,,,,,,,,,,,,,,,,,,,,,,,,,,"**Dept ","5092","FOOD & BEVERAGE","**Class ","1200","TEA","**Subclass","_","NOT USED","_","_","_","_","STK","EMPRESS 50 TB BOX CELLO WRAP","METRO","C-FT50 CELLO",18407,"_","_","_","_","0005",140,1,0,"18.95","18.95",622.78,"2,653.00",0,,"Subclass","_","Total:","3,370",1,25,"Total

Value @ Cost","Total

Value @Retail",0,"14,592.35","50,929.65","Class","1200","Total:","3,370",1,25,"Total

Value @ Cost","Total

Value @Retail",0,"14,592.35","50,929.65","Dept","5092","Total:","3,370",1,25,"Total

Value @ Cost","Total

Value @Retail",0,"14,592.35","50,929.65","Grand Total:","3,370",1,25,"Total

Value @ Cost","Total

Value @Retail",0,"14,592.35","50,929.65","End of Report"
1-Apr-16,"Fairmont Stores","Page#   :","1", 9:27 AM,"Inventory Stock Level","Location:","User    :","0005","0536","Low","High","Department               :  5092        
Class                    :  1200        
Category                 :  CUST        STK
Brand                    :  METRO       
Detail                   :  Yes
Description              :  Yes
Include Inactive Sku     :  No","Brand ","Categ ","Model/Style","Description","SKU #","ID-1","ID-2","ID-3 ","ID-4  ","Loc

Code","Qty

Total","Qty On

Hold","Qty In

Transit","Retail

Price","Markdown

Price","Total

Value @ Cost","Total

Value @Retail","Qty

On Order","Row Bin ",,,,,,,,,,,,,,,,,,,,,,,,,,,,,,"**Dept ","5092","FOOD & BEVERAGE","**Class ","1200","TEA","**Subclass","_","NOT USED","_","_","_","_","CUST","TIN 50g BUTTERFLY JASMINE","METRO","CFTI-NEM-BJ",95816,"_","_","_","_","0005",14,0,0,"39.95","39.95",204.35,559.30,0,,"Subclass","_","Total:","3,370",1,25,"Total

Value @ Cost","Total

Value @Retail",0,"14,592.35","50,929.65","Class","1200","Total:","3,370",1,25,"Total

Value @ Cost","Total

Value @Retail",0,"14,592.35","50,929.65","Dept","5092","Total:","3,370",1,25,"Total

Value @ Cost","Total

Value @Retail",0,"14,592.35","50,929.65","Grand Total:","3,370",1,25,"Total

Value @ Cost","Total

Value @Retail",0,"14,592.35","50,929.65","End of Report"
1-Apr-16,"Fairmont Stores","Page#   :","1", 9:27 AM,"Inventory Stock Level","Location:","User    :","0005","0536","Low","High","Department               :  5092        
Class                    :  1200        
Category                 :  CUST        STK
Brand                    :  METRO       
Detail                   :  Yes
Description              :  Yes
Include Inactive Sku     :  No","Brand ","Categ ","Model/Style","Description","SKU #","ID-1","ID-2","ID-3 ","ID-4  ","Loc

Code","Qty

Total","Qty On

Hold","Qty In

Transit","Retail

Price","Markdown

Price","Total

Value @ Cost","Total

Value @Retail","Qty

On Order","Row Bin ",,,,,,,,,,,,,,,,,,,,,,,,,,,,,,"**Dept ","5092","FOOD & BEVERAGE","**Class ","1200","TEA","**Subclass","_","NOT USED","_","_","_","_","CUST","TIN 50g 2 DOVE SILVER NEEDLES","METRO","CFTI-NEM-DOVE",95817,"_","_","_","_","0005",1,0,0,"32.95","32.95",12.94,32.95,0,,"Subclass","_","Total:","3,370",1,25,"Total

Value @ Cost","Total

Value @Retail",0,"14,592.35","50,929.65","Class","1200","Total:","3,370",1,25,"Total

Value @ Cost","Total

Value @Retail",0,"14,592.35","50,929.65","Dept","5092","Total:","3,370",1,25,"Total

Value @ Cost","Total

Value @Retail",0,"14,592.35","50,929.65","Grand Total:","3,370",1,25,"Total

Value @ Cost","Total

Value @Retail",0,"14,592.35","50,929.65","End of Report"
1-Apr-16,"Fairmont Stores","Page#   :","1", 9:27 AM,"Inventory Stock Level","Location:","User    :","0005","0536","Low","High","Department               :  5092        
Class                    :  1200        
Category                 :  CUST        STK
Brand                    :  METRO       
Detail                   :  Yes
Description              :  Yes
Include Inactive Sku     :  No","Brand ","Categ ","Model/Style","Description","SKU #","ID-1","ID-2","ID-3 ","ID-4  ","Loc

Code","Qty

Total","Qty On

Hold","Qty In

Transit","Retail

Price","Markdown

Price","Total

Value @ Cost","Total

Value @Retail","Qty

On Order","Row Bin ",,,,,,,,,,,,,,,,,,,,,,,,,,,,,,"**Dept ","5092","FOOD & BEVERAGE","**Class ","1200","TEA","**Subclass","_","NOT USED","_","_","_","_","CUST","TIN 50g MILK OOLONG","METRO","CFTI-NEM-MO",95815,"_","_","_","_","0005",30,0,0,"18.95","18.95",201.84,568.50,0,,"Subclass","_","Total:","3,370",1,25,"Total

Value @ Cost","Total

Value @Retail",0,"14,592.35","50,929.65","Class","1200","Total:","3,370",1,25,"Total

Value @ Cost","Total

Value @Retail",0,"14,592.35","50,929.65","Dept","5092","Total:","3,370",1,25,"Total

Value @ Cost","Total

Value @Retail",0,"14,592.35","50,929.65","Grand Total:","3,370",1,25,"Total

Value @ Cost","Total

Value @Retail",0,"14,592.35","50,929.65","End of Report"
1-Apr-16,"Fairmont Stores","Page#   :","1", 9:27 AM,"Inventory Stock Level","Location:","User    :","0005","0536","Low","High","Department               :  5092        
Class                    :  1200        
Category                 :  CUST        STK
Brand                    :  METRO       
Detail                   :  Yes
Description              :  Yes
Include Inactive Sku     :  No","Brand ","Categ ","Model/Style","Description","SKU #","ID-1","ID-2","ID-3 ","ID-4  ","Loc

Code","Qty

Total","Qty On

Hold","Qty In

Transit","Retail

Price","Markdown

Price","Total

Value @ Cost","Total

Value @Retail","Qty

On Order","Row Bin ",,,,,,,,,,,,,,,,,,,,,,,,,,,,,,"**Dept ","5092","FOOD & BEVERAGE","**Class ","1200","TEA","**Subclass","_","NOT USED","_","_","_","_","STK","EMPRESS BLEND 250 BAGS","METRO","CFT-SP1K/540",41663,"_","_","_","_","0005",2,0,0,"44.95","44.95",36.00,89.90,0,,"Subclass","_","Total:","3,370",1,25,"Total

Value @ Cost","Total

Value @Retail",0,"14,592.35","50,929.65","Class","1200","Total:","3,370",1,25,"Total

Value @ Cost","Total

Value @Retail",0,"14,592.35","50,929.65","Dept","5092","Total:","3,370",1,25,"Total

Value @ Cost","Total

Value @Retail",0,"14,592.35","50,929.65","Grand Total:","3,370",1,25,"Total

Value @ Cost","Total

Value @Retail",0,"14,592.35","50,929.65","End of Report"
1-Apr-16,"Fairmont Stores","Page#   :","1", 9:27 AM,"Inventory Stock Level","Location:","User    :","0005","0536","Low","High","Department               :  5092        
Class                    :  1200        
Category                 :  CUST        STK
Brand                    :  METRO       
Detail                   :  Yes
Description              :  Yes
Include Inactive Sku     :  No","Brand ","Categ ","Model/Style","Description","SKU #","ID-1","ID-2","ID-3 ","ID-4  ","Loc

Code","Qty

Total","Qty On

Hold","Qty In

Transit","Retail

Price","Markdown

Price","Total

Value @ Cost","Total

Value @Retail","Qty

On Order","Row Bin ",,,,,,,,,,,,,,,,,,,,,,,,,,,,,,"**Dept ","5092","FOOD & BEVERAGE","**Class ","1200","TEA","**Subclass","_","NOT USED","_","_","_","_","STK","TEA TIN EMP 10TB (BLUE)","METRO","ET-TIN",24329,"_","_","_","_","0005",218,0,0,"11.95","11.95",532.43,"2,605.10",0,,"Subclass","_","Total:","3,370",1,25,"Total

Value @ Cost","Total

Value @Retail",0,"14,592.35","50,929.65","Class","1200","Total:","3,370",1,25,"Total

Value @ Cost","Total

Value @Retail",0,"14,592.35","50,929.65","Dept","5092","Total:","3,370",1,25,"Total

Value @ Cost","Total

Value @Retail",0,"14,592.35","50,929.65","Grand Total:","3,370",1,25,"Total

Value @ Cost","Total

Value @Retail",0,"14,592.35","50,929.65","End of Report"
1-Apr-16,"Fairmont Stores","Page#   :","1", 9:27 AM,"Inventory Stock Level","Location:","User    :","0005","0536","Low","High","Department               :  5092        
Class                    :  1200        
Category                 :  CUST        STK
Brand                    :  METRO       
Detail                   :  Yes
Description              :  Yes
Include Inactive Sku     :  No","Brand ","Categ ","Model/Style","Description","SKU #","ID-1","ID-2","ID-3 ","ID-4  ","Loc

Code","Qty

Total","Qty On

Hold","Qty In

Transit","Retail

Price","Markdown

Price","Total

Value @ Cost","Total

Value @Retail","Qty

On Order","Row Bin ",,,,,,,,,,,,,,,,,,,,,,,,,,,,,,"**Dept ","5092","FOOD & BEVERAGE","**Class ","1200","TEA","**Subclass","_","NOT USED","_","_","_","_","STK","CREAM EARL GREY LOOSE","METRO","JEF-F/0008 500g",99937,"_","_","_","_","0005",4,0,0,"44.95","44.95",70.53,179.80,0,,"Subclass","_","Total:","3,370",1,25,"Total

Value @ Cost","Total

Value @Retail",0,"14,592.35","50,929.65","Class","1200","Total:","3,370",1,25,"Total

Value @ Cost","Total

Value @Retail",0,"14,592.35","50,929.65","Dept","5092","Total:","3,370",1,25,"Total

Value @ Cost","Total

Value @Retail",0,"14,592.35","50,929.65","Grand Total:","3,370",1,25,"Total

Value @ Cost","Total

Value @Retail",0,"14,592.35","50,929.65","End of Report"
1-Apr-16,"Fairmont Stores","Page#   :","1", 9:27 AM,"Inventory Stock Level","Location:","User    :","0005","0536","Low","High","Department               :  5092        
Class                    :  1200        
Category                 :  CUST        STK
Brand                    :  METRO       
Detail                   :  Yes
Description              :  Yes
Include Inactive Sku     :  No","Brand ","Categ ","Model/Style","Description","SKU #","ID-1","ID-2","ID-3 ","ID-4  ","Loc

Code","Qty

Total","Qty On

Hold","Qty In

Transit","Retail

Price","Markdown

Price","Total

Value @ Cost","Total

Value @Retail","Qty

On Order","Row Bin ",,,,,,,,,,,,,,,,,,,,,,,,,,,,,,"**Dept ","5092","FOOD & BEVERAGE","**Class ","1200","TEA","**Subclass","_","NOT USED","_","_","_","_","STK","EARL GREY LOOSE","METRO","JEF-F/006-500g",99936,"_","_","_","_","0005",3,0,0,"55.00","55.00",77.75,165.00,0,,"Subclass","_","Total:","3,370",1,25,"Total

Value @ Cost","Total

Value @Retail",0,"14,592.35","50,929.65","Class","1200","Total:","3,370",1,25,"Total

Value @ Cost","Total

Value @Retail",0,"14,592.35","50,929.65","Dept","5092","Total:","3,370",1,25,"Total

Value @ Cost","Total

Value @Retail",0,"14,592.35","50,929.65","Grand Total:","3,370",1,25,"Total

Value @ Cost","Total

Value @Retail",0,"14,592.35","50,929.65","End of Report"
1-Apr-16,"Fairmont Stores","Page#   :","1", 9:27 AM,"Inventory Stock Level","Location:","User    :","0005","0536","Low","High","Department               :  5092        
Class                    :  1200        
Category                 :  CUST        STK
Brand                    :  METRO       
Detail                   :  Yes
Description              :  Yes
Include Inactive Sku     :  No","Brand ","Categ ","Model/Style","Description","SKU #","ID-1","ID-2","ID-3 ","ID-4  ","Loc

Code","Qty

Total","Qty On

Hold","Qty In

Transit","Retail

Price","Markdown

Price","Total

Value @ Cost","Total

Value @Retail","Qty

On Order","Row Bin ",,,,,,,,,,,,,,,,,,,,,,,,,,,,,,"**Dept ","5092","FOOD & BEVERAGE","**Class ","1200","TEA","**Subclass","_","NOT USED","_","_","_","_","STK","BORENGAJULI LOOSE","METRO","JESA-S/648 500g",99934,"_","_","_","_","0005",7,0,0,"44.95","44.95",108.60,314.65,0,,"Subclass","_","Total:","3,370",1,25,"Total

Value @ Cost","Total

Value @Retail",0,"14,592.35","50,929.65","Class","1200","Total:","3,370",1,25,"Total

Value @ Cost","Total

Value @Retail",0,"14,592.35","50,929.65","Dept","5092","Total:","3,370",1,25,"Total

Value @ Cost","Total

Value @Retail",0,"14,592.35","50,929.65","Grand Total:","3,370",1,25,"Total

Value @ Cost","Total

Value @Retail",0,"14,592.35","50,929.65","End of Report"
1-Apr-16,"Fairmont Stores","Page#   :","1", 9:27 AM,"Inventory Stock Level","Location:","User    :","0005","0536","Low","High","Department               :  5092        
Class                    :  1200        
Category                 :  CUST        STK
Brand                    :  METRO       
Detail                   :  Yes
Description              :  Yes
Include Inactive Sku     :  No","Brand ","Categ ","Model/Style","Description","SKU #","ID-1","ID-2","ID-3 ","ID-4  ","Loc

Code","Qty

Total","Qty On

Hold","Qty In

Transit","Retail

Price","Markdown

Price","Total

Value @ Cost","Total

Value @Retail","Qty

On Order","Row Bin ",,,,,,,,,,,,,,,,,,,,,,,,,,,,,,"**Dept ","5092","FOOD & BEVERAGE","**Class ","1200","TEA","**Subclass","_","NOT USED","_","_","_","_","STK","KYOTO CHERRY LOOSE","METRO","JFG-F/131 500g",99948,"_","_","_","_","0005",1,0,0,"44.95","44.95",16.18,44.95,0,,"Subclass","_","Total:","3,370",1,25,"Total

Value @ Cost","Total

Value @Retail",0,"14,592.35","50,929.65","Class","1200","Total:","3,370",1,25,"Total

Value @ Cost","Total

Value @Retail",0,"14,592.35","50,929.65","Dept","5092","Total:","3,370",1,25,"Total

Value @ Cost","Total

Value @Retail",0,"14,592.35","50,929.65","Grand Total:","3,370",1,25,"Total

Value @ Cost","Total

Value @Retail",0,"14,592.35","50,929.65","End of Report"
1-Apr-16,"Fairmont Stores","Page#   :","1", 9:27 AM,"Inventory Stock Level","Location:","User    :","0005","0536","Low","High","Department               :  5092        
Class                    :  1200        
Category                 :  CUST        STK
Brand                    :  METRO       
Detail                   :  Yes
Description              :  Yes
Include Inactive Sku     :  No","Brand ","Categ ","Model/Style","Description","SKU #","ID-1","ID-2","ID-3 ","ID-4  ","Loc

Code","Qty

Total","Qty On

Hold","Qty In

Transit","Retail

Price","Markdown

Price","Total

Value @ Cost","Total

Value @Retail","Qty

On Order","Row Bin ",,,,,,,,,,,,,,,,,,,,,,,,,,,,,,"**Dept ","5092","FOOD & BEVERAGE","**Class ","1200","TEA","**Subclass","_","NOT USED","_","_","_","_","STK","ICE WINE TEA  LOOSE","METRO","JFV-F/026 500g",99939,"_","_","_","_","0005",3,0,0,"44.95","44.95",54.17,134.85,0,,"Subclass","_","Total:","3,370",1,25,"Total

Value @ Cost","Total

Value @Retail",0,"14,592.35","50,929.65","Class","1200","Total:","3,370",1,25,"Total

Value @ Cost","Total

Value @Retail",0,"14,592.35","50,929.65","Dept","5092","Total:","3,370",1,25,"Total

Value @ Cost","Total

Value @Retail",0,"14,592.35","50,929.65","Grand Total:","3,370",1,25,"Total

Value @ Cost","Total

Value @Retail",0,"14,592.35","50,929.65","End of Report"
1-Apr-16,"Fairmont Stores","Page#   :","1", 9:27 AM,"Inventory Stock Level","Location:","User    :","0005","0536","Low","High","Department               :  5092        
Class                    :  1200        
Category                 :  CUST        STK
Brand                    :  METRO       
Detail                   :  Yes
Description              :  Yes
Include Inactive Sku     :  No","Brand ","Categ ","Model/Style","Description","SKU #","ID-1","ID-2","ID-3 ","ID-4  ","Loc

Code","Qty

Total","Qty On

Hold","Qty In

Transit","Retail

Price","Markdown

Price","Total

Value @ Cost","Total

Value @Retail","Qty

On Order","Row Bin ",,,,,,,,,,,,,,,,,,,,,,,,,,,,,,"**Dept ","5092","FOOD & BEVERAGE","**Class ","1200","TEA","**Subclass","_","NOT USED","_","_","_","_","STK","JASMINE BUTTERFLY  LOOSE","METRO","JGR-F/520 500g",99947,"_","_","_","_","0005",6,0,0,"44.95","44.95",129.30,269.70,0,,"Subclass","_","Total:","3,370",1,25,"Total

Value @ Cost","Total

Value @Retail",0,"14,592.35","50,929.65","Class","1200","Total:","3,370",1,25,"Total

Value @ Cost","Total

Value @Retail",0,"14,592.35","50,929.65","Dept","5092","Total:","3,370",1,25,"Total

Value @ Cost","Total

Value @Retail",0,"14,592.35","50,929.65","Grand Total:","3,370",1,25,"Total

Value @ Cost","Total

Value @Retail",0,"14,592.35","50,929.65","End of Report"
1-Apr-16,"Fairmont Stores","Page#   :","1", 9:27 AM,"Inventory Stock Level","Location:","User    :","0005","0536","Low","High","Department               :  5092        
Class                    :  1200        
Category                 :  CUST        STK
Brand                    :  METRO       
Detail                   :  Yes
Description              :  Yes
Include Inactive Sku     :  No","Brand ","Categ ","Model/Style","Description","SKU #","ID-1","ID-2","ID-3 ","ID-4  ","Loc

Code","Qty

Total","Qty On

Hold","Qty In

Transit","Retail

Price","Markdown

Price","Total

Value @ Cost","Total

Value @Retail","Qty

On Order","Row Bin ",,,,,,,,,,,,,,,,,,,,,,,,,,,,,,"**Dept ","5092","FOOD & BEVERAGE","**Class ","1200","TEA","**Subclass","_","NOT USED","_","_","_","_","STK","BERRY BERRY LOOSE","METRO","JHF/531 500g",99953,"_","_","_","_","0005",4,0,0,"44.95","44.95",70.35,179.80,0,,"Subclass","_","Total:","3,370",1,25,"Total

Value @ Cost","Total

Value @Retail",0,"14,592.35","50,929.65","Class","1200","Total:","3,370",1,25,"Total

Value @ Cost","Total

Value @Retail",0,"14,592.35","50,929.65","Dept","5092","Total:","3,370",1,25,"Total

Value @ Cost","Total

Value @Retail",0,"14,592.35","50,929.65","Grand Total:","3,370",1,25,"Total

Value @ Cost","Total

Value @Retail",0,"14,592.35","50,929.65","End of Report"
1-Apr-16,"Fairmont Stores","Page#   :","1", 9:27 AM,"Inventory Stock Level","Location:","User    :","0005","0536","Low","High","Department               :  5092        
Class                    :  1200        
Category                 :  CUST        STK
Brand                    :  METRO       
Detail                   :  Yes
Description              :  Yes
Include Inactive Sku     :  No","Brand ","Categ ","Model/Style","Description","SKU #","ID-1","ID-2","ID-3 ","ID-4  ","Loc

Code","Qty

Total","Qty On

Hold","Qty In

Transit","Retail

Price","Markdown

Price","Total

Value @ Cost","Total

Value @Retail","Qty

On Order","Row Bin ",,,,,,,,,,,,,,,,,,,,,,,,,,,,,,"**Dept ","5092","FOOD & BEVERAGE","**Class ","1200","TEA","**Subclass","_","NOT USED","_","_","_","_","STK","ORG.VANILLA ORCHID LOOSE","METRO","JOR-F/104 500g",99943,"_","_","_","_","0005",1,0,0,"44.95","44.95",24.98,44.95,0,,"Subclass","_","Total:","3,370",1,25,"Total

Value @ Cost","Total

Value @Retail",0,"14,592.35","50,929.65","Class","1200","Total:","3,370",1,25,"Total

Value @ Cost","Total

Value @Retail",0,"14,592.35","50,929.65","Dept","5092","Total:","3,370",1,25,"Total

Value @ Cost","Total

Value @Retail",0,"14,592.35","50,929.65","Grand Total:","3,370",1,25,"Total

Value @ Cost","Total

Value @Retail",0,"14,592.35","50,929.65","End of Report"
1-Apr-16,"Fairmont Stores","Page#   :","1", 9:27 AM,"Inventory Stock Level","Location:","User    :","0005","0536","Low","High","Department               :  5092        
Class                    :  1200        
Category                 :  CUST        STK
Brand                    :  METRO       
Detail                   :  Yes
Description              :  Yes
Include Inactive Sku     :  No","Brand ","Categ ","Model/Style","Description","SKU #","ID-1","ID-2","ID-3 ","ID-4  ","Loc

Code","Qty

Total","Qty On

Hold","Qty In

Transit","Retail

Price","Markdown

Price","Total

Value @ Cost","Total

Value @Retail","Qty

On Order","Row Bin ",,,,,,,,,,,,,,,,,,,,,,,,,,,,,,"**Dept ","5092","FOOD & BEVERAGE","**Class ","1200","TEA","**Subclass","_","NOT USED","_","_","_","_","STK","FAIRMONT BREAKFAST LOOSE","METRO","JSP-F/670-500g",99933,"_","_","_","_","0005",5,0,0,"49.95","49.95",85.85,249.75,0,,"Subclass","_","Total:","3,370",1,25,"Total

Value @ Cost","Total

Value @Retail",0,"14,592.35","50,929.65","Class","1200","Total:","3,370",1,25,"Total

Value @ Cost","Total

Value @Retail",0,"14,592.35","50,929.65","Dept","5092","Total:","3,370",1,25,"Total

Value @ Cost","Total

Value @Retail",0,"14,592.35","50,929.65","Grand Total:","3,370",1,25,"Total

Value @ Cost","Total

Value @Retail",0,"14,592.35","50,929.65","End of Report"
