4-Jun-15,"Fairmont Stores","Page#   :","1", 4:35 PM,"Inventory Stock Level","Location:","User    :","0005","0556","Low","High","Department               :  5092        
Class                    :  1200        
Category                 :  CUST        STK
Brand                    :  METRO       
Detail                   :  Yes
Description              :  Yes
Include Inactive Sku     :  No","Brand ","Categ ","Model/Style","Description","SKU #","ID-1","ID-2","ID-3 ","ID-4  ","Loc

Code","Qty

Total","Qty On

Hold","Qty In

Transit","Total

Value @ Cost","Total

Value @Retail","Qty

On Order","Row Bin ",,,,,,,,,,,,,,,,,,,,,,,,,,,,"**Dept ","5092","FOOD & BEVERAGE","**Class ","1200","TEA","**Subclass","_","NOT USED","_","_","_","_","CUST","CREAM EARL GREY 100g LOOSE","METRO","1EF/088",85978,"_","_","_","_","0005",45,0,0,221.32,582.75,0,,"Subclass","_","Total:","3,827",0,0,"Total

Value @ Cost","Total

Value @Retail",0,"15,098.70","56,233.20","Class","1200","Total:","3,827",0,0,"Total

Value @ Cost","Total

Value @Retail",0,"15,098.70","56,233.20","Dept","5092","Total:","3,827",0,0,"Total

Value @ Cost","Total

Value @Retail",0,"15,098.70","56,233.20","Grand Total:","3,827",0,0,"Total

Value @ Cost","Total

Value @Retail",0,"15,098.70","56,233.20","End of Report"
4-Jun-15,"Fairmont Stores","Page#   :","1", 4:35 PM,"Inventory Stock Level","Location:","User    :","0005","0556","Low","High","Department               :  5092        
Class                    :  1200        
Category                 :  CUST        STK
Brand                    :  METRO       
Detail                   :  Yes
Description              :  Yes
Include Inactive Sku     :  No","Brand ","Categ ","Model/Style","Description","SKU #","ID-1","ID-2","ID-3 ","ID-4  ","Loc

Code","Qty

Total","Qty On

Hold","Qty In

Transit","Total

Value @ Cost","Total

Value @Retail","Qty

On Order","Row Bin ",,,,,,,,,,,,,,,,,,,,,,,,,,,,"**Dept ","5092","FOOD & BEVERAGE","**Class ","1200","TEA","**Subclass","_","NOT USED","_","_","_","_","CUST","ICEWINE 100g LOOSE","METRO","1FV/026",85981,"_","_","_","_","0005",44,0,0,221.08,569.80,0,,"Subclass","_","Total:","3,827",0,0,"Total

Value @ Cost","Total

Value @Retail",0,"15,098.70","56,233.20","Class","1200","Total:","3,827",0,0,"Total

Value @ Cost","Total

Value @Retail",0,"15,098.70","56,233.20","Dept","5092","Total:","3,827",0,0,"Total

Value @ Cost","Total

Value @Retail",0,"15,098.70","56,233.20","Grand Total:","3,827",0,0,"Total

Value @ Cost","Total

Value @Retail",0,"15,098.70","56,233.20","End of Report"
4-Jun-15,"Fairmont Stores","Page#   :","1", 4:35 PM,"Inventory Stock Level","Location:","User    :","0005","0556","Low","High","Department               :  5092        
Class                    :  1200        
Category                 :  CUST        STK
Brand                    :  METRO       
Detail                   :  Yes
Description              :  Yes
Include Inactive Sku     :  No","Brand ","Categ ","Model/Style","Description","SKU #","ID-1","ID-2","ID-3 ","ID-4  ","Loc

Code","Qty

Total","Qty On

Hold","Qty In

Transit","Total

Value @ Cost","Total

Value @Retail","Qty

On Order","Row Bin ",,,,,,,,,,,,,,,,,,,,,,,,,,,,"**Dept ","5092","FOOD & BEVERAGE","**Class ","1200","TEA","**Subclass","_","NOT USED","_","_","_","_","CUST","100g KYOTO CHERRY ROSE","METRO","41FG-CH-131",95354,"_","_","_","_","0005",33,0,0,164.59,427.35,0,,"Subclass","_","Total:","3,827",0,0,"Total

Value @ Cost","Total

Value @Retail",0,"15,098.70","56,233.20","Class","1200","Total:","3,827",0,0,"Total

Value @ Cost","Total

Value @Retail",0,"15,098.70","56,233.20","Dept","5092","Total:","3,827",0,0,"Total

Value @ Cost","Total

Value @Retail",0,"15,098.70","56,233.20","Grand Total:","3,827",0,0,"Total

Value @ Cost","Total

Value @Retail",0,"15,098.70","56,233.20","End of Report"
4-Jun-15,"Fairmont Stores","Page#   :","1", 4:35 PM,"Inventory Stock Level","Location:","User    :","0005","0556","Low","High","Department               :  5092        
Class                    :  1200        
Category                 :  CUST        STK
Brand                    :  METRO       
Detail                   :  Yes
Description              :  Yes
Include Inactive Sku     :  No","Brand ","Categ ","Model/Style","Description","SKU #","ID-1","ID-2","ID-3 ","ID-4  ","Loc

Code","Qty

Total","Qty On

Hold","Qty In

Transit","Total

Value @ Cost","Total

Value @Retail","Qty

On Order","Row Bin ",,,,,,,,,,,,,,,,,,,,,,,,,,,,"**Dept ","5092","FOOD & BEVERAGE","**Class ","1200","TEA","**Subclass","_","NOT USED","_","_","_","_","CUST","100g LONG ISLAND STRAWBERRY","METRO","41FG-CH-150",95355,"_","_","_","_","0005",40,0,0,196.86,518.00,0,,"Subclass","_","Total:","3,827",0,0,"Total

Value @ Cost","Total

Value @Retail",0,"15,098.70","56,233.20","Class","1200","Total:","3,827",0,0,"Total

Value @ Cost","Total

Value @Retail",0,"15,098.70","56,233.20","Dept","5092","Total:","3,827",0,0,"Total

Value @ Cost","Total

Value @Retail",0,"15,098.70","56,233.20","Grand Total:","3,827",0,0,"Total

Value @ Cost","Total

Value @Retail",0,"15,098.70","56,233.20","End of Report"
4-Jun-15,"Fairmont Stores","Page#   :","1", 4:35 PM,"Inventory Stock Level","Location:","User    :","0005","0556","Low","High","Department               :  5092        
Class                    :  1200        
Category                 :  CUST        STK
Brand                    :  METRO       
Detail                   :  Yes
Description              :  Yes
Include Inactive Sku     :  No","Brand ","Categ ","Model/Style","Description","SKU #","ID-1","ID-2","ID-3 ","ID-4  ","Loc

Code","Qty

Total","Qty On

Hold","Qty In

Transit","Total

Value @ Cost","Total

Value @Retail","Qty

On Order","Row Bin ",,,,,,,,,,,,,,,,,,,,,,,,,,,,"**Dept ","5092","FOOD & BEVERAGE","**Class ","1200","TEA","**Subclass","_","NOT USED","_","_","_","_","CUST","100g PROVENCE","METRO","41FR-SA-539",95356,"_","_","_","_","0005",40,0,0,196.37,518.00,0,,"Subclass","_","Total:","3,827",0,0,"Total

Value @ Cost","Total

Value @Retail",0,"15,098.70","56,233.20","Class","1200","Total:","3,827",0,0,"Total

Value @ Cost","Total

Value @Retail",0,"15,098.70","56,233.20","Dept","5092","Total:","3,827",0,0,"Total

Value @ Cost","Total

Value @Retail",0,"15,098.70","56,233.20","Grand Total:","3,827",0,0,"Total

Value @ Cost","Total

Value @Retail",0,"15,098.70","56,233.20","End of Report"
4-Jun-15,"Fairmont Stores","Page#   :","1", 4:35 PM,"Inventory Stock Level","Location:","User    :","0005","0556","Low","High","Department               :  5092        
Class                    :  1200        
Category                 :  CUST        STK
Brand                    :  METRO       
Detail                   :  Yes
Description              :  Yes
Include Inactive Sku     :  No","Brand ","Categ ","Model/Style","Description","SKU #","ID-1","ID-2","ID-3 ","ID-4  ","Loc

Code","Qty

Total","Qty On

Hold","Qty In

Transit","Total

Value @ Cost","Total

Value @Retail","Qty

On Order","Row Bin ",,,,,,,,,,,,,,,,,,,,,,,,,,,,"**Dept ","5092","FOOD & BEVERAGE","**Class ","1200","TEA","**Subclass","_","NOT USED","_","_","_","_","CUST","100g BLUEBERRY","METRO","41FV-SL-012",95357,"_","_","_","_","0005",40,0,0,194.42,518.00,0,,"Subclass","_","Total:","3,827",0,0,"Total

Value @ Cost","Total

Value @Retail",0,"15,098.70","56,233.20","Class","1200","Total:","3,827",0,0,"Total

Value @ Cost","Total

Value @Retail",0,"15,098.70","56,233.20","Dept","5092","Total:","3,827",0,0,"Total

Value @ Cost","Total

Value @Retail",0,"15,098.70","56,233.20","Grand Total:","3,827",0,0,"Total

Value @ Cost","Total

Value @Retail",0,"15,098.70","56,233.20","End of Report"
4-Jun-15,"Fairmont Stores","Page#   :","1", 4:35 PM,"Inventory Stock Level","Location:","User    :","0005","0556","Low","High","Department               :  5092        
Class                    :  1200        
Category                 :  CUST        STK
Brand                    :  METRO       
Detail                   :  Yes
Description              :  Yes
Include Inactive Sku     :  No","Brand ","Categ ","Model/Style","Description","SKU #","ID-1","ID-2","ID-3 ","ID-4  ","Loc

Code","Qty

Total","Qty On

Hold","Qty In

Transit","Total

Value @ Cost","Total

Value @Retail","Qty

On Order","Row Bin ",,,,,,,,,,,,,,,,,,,,,,,,,,,,"**Dept ","5092","FOOD & BEVERAGE","**Class ","1200","TEA","**Subclass","_","NOT USED","_","_","_","_","CUST","100g ANGEL FALLS MIST LOOSE","METRO","41HF-BL-532",95775,"_","_","_","_","0005",36,0,0,178.59,466.20,0,,"Subclass","_","Total:","3,827",0,0,"Total

Value @ Cost","Total

Value @Retail",0,"15,098.70","56,233.20","Class","1200","Total:","3,827",0,0,"Total

Value @ Cost","Total

Value @Retail",0,"15,098.70","56,233.20","Dept","5092","Total:","3,827",0,0,"Total

Value @ Cost","Total

Value @Retail",0,"15,098.70","56,233.20","Grand Total:","3,827",0,0,"Total

Value @ Cost","Total

Value @Retail",0,"15,098.70","56,233.20","End of Report"
4-Jun-15,"Fairmont Stores","Page#   :","1", 4:35 PM,"Inventory Stock Level","Location:","User    :","0005","0556","Low","High","Department               :  5092        
Class                    :  1200        
Category                 :  CUST        STK
Brand                    :  METRO       
Detail                   :  Yes
Description              :  Yes
Include Inactive Sku     :  No","Brand ","Categ ","Model/Style","Description","SKU #","ID-1","ID-2","ID-3 ","ID-4  ","Loc

Code","Qty

Total","Qty On

Hold","Qty In

Transit","Total

Value @ Cost","Total

Value @Retail","Qty

On Order","Row Bin ",,,,,,,,,,,,,,,,,,,,,,,,,,,,"**Dept ","5092","FOOD & BEVERAGE","**Class ","1200","TEA","**Subclass","_","NOT USED","_","_","_","_","EMP","TEA SAMPLER 15 TB ASSORTED CELLO","METRO","CC-15-TB",89447,"_","_","_","_","0005",112,0,0,280.37,"1,226.40",0,,"Subclass","_","Total:","3,827",0,0,"Total

Value @ Cost","Total

Value @Retail",0,"15,098.70","56,233.20","Class","1200","Total:","3,827",0,0,"Total

Value @ Cost","Total

Value @Retail",0,"15,098.70","56,233.20","Dept","5092","Total:","3,827",0,0,"Total

Value @ Cost","Total

Value @Retail",0,"15,098.70","56,233.20","Grand Total:","3,827",0,0,"Total

Value @ Cost","Total

Value @Retail",0,"15,098.70","56,233.20","End of Report"
4-Jun-15,"Fairmont Stores","Page#   :","1", 4:35 PM,"Inventory Stock Level","Location:","User    :","0005","0556","Low","High","Department               :  5092        
Class                    :  1200        
Category                 :  CUST        STK
Brand                    :  METRO       
Detail                   :  Yes
Description              :  Yes
Include Inactive Sku     :  No","Brand ","Categ ","Model/Style","Description","SKU #","ID-1","ID-2","ID-3 ","ID-4  ","Loc

Code","Qty

Total","Qty On

Hold","Qty In

Transit","Total

Value @ Cost","Total

Value @Retail","Qty

On Order","Row Bin ",,,,,,,,,,,,,,,,,,,,,,,,,,,,"**Dept ","5092","FOOD & BEVERAGE","**Class ","1200","TEA","**Subclass","_","NOT USED","_","_","_","_","PROM","ECLIPSE TEA LOOSE 100g","METRO","CCORSTBL822",85821,"_","_","_","_","0005",6,0,0,36.24,89.70,0,,"Subclass","_","Total:","3,827",0,0,"Total

Value @ Cost","Total

Value @Retail",0,"15,098.70","56,233.20","Class","1200","Total:","3,827",0,0,"Total

Value @ Cost","Total

Value @Retail",0,"15,098.70","56,233.20","Dept","5092","Total:","3,827",0,0,"Total

Value @ Cost","Total

Value @Retail",0,"15,098.70","56,233.20","Grand Total:","3,827",0,0,"Total

Value @ Cost","Total

Value @Retail",0,"15,098.70","56,233.20","End of Report"
4-Jun-15,"Fairmont Stores","Page#   :","1", 4:35 PM,"Inventory Stock Level","Location:","User    :","0005","0556","Low","High","Department               :  5092        
Class                    :  1200        
Category                 :  CUST        STK
Brand                    :  METRO       
Detail                   :  Yes
Description              :  Yes
Include Inactive Sku     :  No","Brand ","Categ ","Model/Style","Description","SKU #","ID-1","ID-2","ID-3 ","ID-4  ","Loc

Code","Qty

Total","Qty On

Hold","Qty In

Transit","Total

Value @ Cost","Total

Value @Retail","Qty

On Order","Row Bin ",,,,,,,,,,,,,,,,,,,,,,,,,,,,"**Dept ","5092","FOOD & BEVERAGE","**Class ","1200","TEA","**Subclass","_","NOT USED","_","_","_","_","STK","CENTENNIAL TEA LOOSE","METRO","CENT/TEA/LOOSE 500g",99935,"_","_","_","_","0005",5,0,0,85.85,224.75,0,,"Subclass","_","Total:","3,827",0,0,"Total

Value @ Cost","Total

Value @Retail",0,"15,098.70","56,233.20","Class","1200","Total:","3,827",0,0,"Total

Value @ Cost","Total

Value @Retail",0,"15,098.70","56,233.20","Dept","5092","Total:","3,827",0,0,"Total

Value @ Cost","Total

Value @Retail",0,"15,098.70","56,233.20","Grand Total:","3,827",0,0,"Total

Value @ Cost","Total

Value @Retail",0,"15,098.70","56,233.20","End of Report"
4-Jun-15,"Fairmont Stores","Page#   :","1", 4:35 PM,"Inventory Stock Level","Location:","User    :","0005","0556","Low","High","Department               :  5092        
Class                    :  1200        
Category                 :  CUST        STK
Brand                    :  METRO       
Detail                   :  Yes
Description              :  Yes
Include Inactive Sku     :  No","Brand ","Categ ","Model/Style","Description","SKU #","ID-1","ID-2","ID-3 ","ID-4  ","Loc

Code","Qty

Total","Qty On

Hold","Qty In

Transit","Total

Value @ Cost","Total

Value @Retail","Qty

On Order","Row Bin ",,,,,,,,,,,,,,,,,,,,,,,,,,,,"**Dept ","5092","FOOD & BEVERAGE","**Class ","1200","TEA","**Subclass","_","NOT USED","_","_","_","_","STK","TEA BAGS MARGARETS HOPE","METRO","CFB1-ES/659",25633,"_","_","_","_","0005",56,0,0,224.14,837.20,0,,"Subclass","_","Total:","3,827",0,0,"Total

Value @ Cost","Total

Value @Retail",0,"15,098.70","56,233.20","Class","1200","Total:","3,827",0,0,"Total

Value @ Cost","Total

Value @Retail",0,"15,098.70","56,233.20","Dept","5092","Total:","3,827",0,0,"Total

Value @ Cost","Total

Value @Retail",0,"15,098.70","56,233.20","Grand Total:","3,827",0,0,"Total

Value @ Cost","Total

Value @Retail",0,"15,098.70","56,233.20","End of Report"
4-Jun-15,"Fairmont Stores","Page#   :","1", 4:35 PM,"Inventory Stock Level","Location:","User    :","0005","0556","Low","High","Department               :  5092        
Class                    :  1200        
Category                 :  CUST        STK
Brand                    :  METRO       
Detail                   :  Yes
Description              :  Yes
Include Inactive Sku     :  No","Brand ","Categ ","Model/Style","Description","SKU #","ID-1","ID-2","ID-3 ","ID-4  ","Loc

Code","Qty

Total","Qty On

Hold","Qty In

Transit","Total

Value @ Cost","Total

Value @Retail","Qty

On Order","Row Bin ",,,,,,,,,,,,,,,,,,,,,,,,,,,,"**Dept ","5092","FOOD & BEVERAGE","**Class ","1200","TEA","**Subclass","_","NOT USED","_","_","_","_","STK","TEA BAGS ORG. ORCHID VANILLA (25 BAGS)","METRO","CFB1-F/045",43267,"_","_","_","_","0005",37,0,0,161.17,553.15,0,,"Subclass","_","Total:","3,827",0,0,"Total

Value @ Cost","Total

Value @Retail",0,"15,098.70","56,233.20","Class","1200","Total:","3,827",0,0,"Total

Value @ Cost","Total

Value @Retail",0,"15,098.70","56,233.20","Dept","5092","Total:","3,827",0,0,"Total

Value @ Cost","Total

Value @Retail",0,"15,098.70","56,233.20","Grand Total:","3,827",0,0,"Total

Value @ Cost","Total

Value @Retail",0,"15,098.70","56,233.20","End of Report"
4-Jun-15,"Fairmont Stores","Page#   :","1", 4:35 PM,"Inventory Stock Level","Location:","User    :","0005","0556","Low","High","Department               :  5092        
Class                    :  1200        
Category                 :  CUST        STK
Brand                    :  METRO       
Detail                   :  Yes
Description              :  Yes
Include Inactive Sku     :  No","Brand ","Categ ","Model/Style","Description","SKU #","ID-1","ID-2","ID-3 ","ID-4  ","Loc

Code","Qty

Total","Qty On

Hold","Qty In

Transit","Total

Value @ Cost","Total

Value @Retail","Qty

On Order","Row Bin ",,,,,,,,,,,,,,,,,,,,,,,,,,,,"**Dept ","5092","FOOD & BEVERAGE","**Class ","1200","TEA","**Subclass","_","NOT USED","_","_","_","_","STK","TEA BAGS MAPLE MAPLE","METRO","CFB1-FV/041",25641,"_","_","_","_","0005",80,0,0,348.29,"1,196.00",0,,"Subclass","_","Total:","3,827",0,0,"Total

Value @ Cost","Total

Value @Retail",0,"15,098.70","56,233.20","Class","1200","Total:","3,827",0,0,"Total

Value @ Cost","Total

Value @Retail",0,"15,098.70","56,233.20","Dept","5092","Total:","3,827",0,0,"Total

Value @ Cost","Total

Value @Retail",0,"15,098.70","56,233.20","Grand Total:","3,827",0,0,"Total

Value @ Cost","Total

Value @Retail",0,"15,098.70","56,233.20","End of Report"
4-Jun-15,"Fairmont Stores","Page#   :","1", 4:35 PM,"Inventory Stock Level","Location:","User    :","0005","0556","Low","High","Department               :  5092        
Class                    :  1200        
Category                 :  CUST        STK
Brand                    :  METRO       
Detail                   :  Yes
Description              :  Yes
Include Inactive Sku     :  No","Brand ","Categ ","Model/Style","Description","SKU #","ID-1","ID-2","ID-3 ","ID-4  ","Loc

Code","Qty

Total","Qty On

Hold","Qty In

Transit","Total

Value @ Cost","Total

Value @Retail","Qty

On Order","Row Bin ",,,,,,,,,,,,,,,,,,,,,,,,,,,,"**Dept ","5092","FOOD & BEVERAGE","**Class ","1200","TEA","**Subclass","_","NOT USED","_","_","_","_","STK","TEA BAGS KYOTO CHERRY","METRO","CFB1-GR/131",25637,"_","_","_","_","0005",71,0,0,308.91,"1,061.45",0,,"Subclass","_","Total:","3,827",0,0,"Total

Value @ Cost","Total

Value @Retail",0,"15,098.70","56,233.20","Class","1200","Total:","3,827",0,0,"Total

Value @ Cost","Total

Value @Retail",0,"15,098.70","56,233.20","Dept","5092","Total:","3,827",0,0,"Total

Value @ Cost","Total

Value @Retail",0,"15,098.70","56,233.20","Grand Total:","3,827",0,0,"Total

Value @ Cost","Total

Value @Retail",0,"15,098.70","56,233.20","End of Report"
4-Jun-15,"Fairmont Stores","Page#   :","1", 4:35 PM,"Inventory Stock Level","Location:","User    :","0005","0556","Low","High","Department               :  5092        
Class                    :  1200        
Category                 :  CUST        STK
Brand                    :  METRO       
Detail                   :  Yes
Description              :  Yes
Include Inactive Sku     :  No","Brand ","Categ ","Model/Style","Description","SKU #","ID-1","ID-2","ID-3 ","ID-4  ","Loc

Code","Qty

Total","Qty On

Hold","Qty In

Transit","Total

Value @ Cost","Total

Value @Retail","Qty

On Order","Row Bin ",,,,,,,,,,,,,,,,,,,,,,,,,,,,"**Dept ","5092","FOOD & BEVERAGE","**Class ","1200","TEA","**Subclass","_","NOT USED","_","_","_","_","STK","TEA BAGS GENMAICHA AKAIKE (25 BAGS)","METRO","CFB1-GR/522",43266,"_","_","_","_","0005",51,0,0,222.96,762.45,0,,"Subclass","_","Total:","3,827",0,0,"Total

Value @ Cost","Total

Value @Retail",0,"15,098.70","56,233.20","Class","1200","Total:","3,827",0,0,"Total

Value @ Cost","Total

Value @Retail",0,"15,098.70","56,233.20","Dept","5092","Total:","3,827",0,0,"Total

Value @ Cost","Total

Value @Retail",0,"15,098.70","56,233.20","Grand Total:","3,827",0,0,"Total

Value @ Cost","Total

Value @Retail",0,"15,098.70","56,233.20","End of Report"
4-Jun-15,"Fairmont Stores","Page#   :","1", 4:35 PM,"Inventory Stock Level","Location:","User    :","0005","0556","Low","High","Department               :  5092        
Class                    :  1200        
Category                 :  CUST        STK
Brand                    :  METRO       
Detail                   :  Yes
Description              :  Yes
Include Inactive Sku     :  No","Brand ","Categ ","Model/Style","Description","SKU #","ID-1","ID-2","ID-3 ","ID-4  ","Loc

Code","Qty

Total","Qty On

Hold","Qty In

Transit","Total

Value @ Cost","Total

Value @Retail","Qty

On Order","Row Bin ",,,,,,,,,,,,,,,,,,,,,,,,,,,,"**Dept ","5092","FOOD & BEVERAGE","**Class ","1200","TEA","**Subclass","_","NOT USED","_","_","_","_","STK","TEA BAGS SENCHA","METRO","CFB1-GR/523",25635,"_","_","_","_","0005",56,0,0,253.39,837.20,0,,"Subclass","_","Total:","3,827",0,0,"Total

Value @ Cost","Total

Value @Retail",0,"15,098.70","56,233.20","Class","1200","Total:","3,827",0,0,"Total

Value @ Cost","Total

Value @Retail",0,"15,098.70","56,233.20","Dept","5092","Total:","3,827",0,0,"Total

Value @ Cost","Total

Value @Retail",0,"15,098.70","56,233.20","Grand Total:","3,827",0,0,"Total

Value @ Cost","Total

Value @Retail",0,"15,098.70","56,233.20","End of Report"
4-Jun-15,"Fairmont Stores","Page#   :","1", 4:35 PM,"Inventory Stock Level","Location:","User    :","0005","0556","Low","High","Department               :  5092        
Class                    :  1200        
Category                 :  CUST        STK
Brand                    :  METRO       
Detail                   :  Yes
Description              :  Yes
Include Inactive Sku     :  No","Brand ","Categ ","Model/Style","Description","SKU #","ID-1","ID-2","ID-3 ","ID-4  ","Loc

Code","Qty

Total","Qty On

Hold","Qty In

Transit","Total

Value @ Cost","Total

Value @Retail","Qty

On Order","Row Bin ",,,,,,,,,,,,,,,,,,,,,,,,,,,,"**Dept ","5092","FOOD & BEVERAGE","**Class ","1200","TEA","**Subclass","_","NOT USED","_","_","_","_","STK","TEA BAGS LEMON ROOIBOS (25 BAGS)","METRO","CFB1-HB/002",43264,"_","_","_","_","0005",55,0,0,239.15,822.25,0,,"Subclass","_","Total:","3,827",0,0,"Total

Value @ Cost","Total

Value @Retail",0,"15,098.70","56,233.20","Class","1200","Total:","3,827",0,0,"Total

Value @ Cost","Total

Value @Retail",0,"15,098.70","56,233.20","Dept","5092","Total:","3,827",0,0,"Total

Value @ Cost","Total

Value @Retail",0,"15,098.70","56,233.20","Grand Total:","3,827",0,0,"Total

Value @ Cost","Total

Value @Retail",0,"15,098.70","56,233.20","End of Report"
4-Jun-15,"Fairmont Stores","Page#   :","1", 4:35 PM,"Inventory Stock Level","Location:","User    :","0005","0556","Low","High","Department               :  5092        
Class                    :  1200        
Category                 :  CUST        STK
Brand                    :  METRO       
Detail                   :  Yes
Description              :  Yes
Include Inactive Sku     :  No","Brand ","Categ ","Model/Style","Description","SKU #","ID-1","ID-2","ID-3 ","ID-4  ","Loc

Code","Qty

Total","Qty On

Hold","Qty In

Transit","Total

Value @ Cost","Total

Value @Retail","Qty

On Order","Row Bin ",,,,,,,,,,,,,,,,,,,,,,,,,,,,"**Dept ","5092","FOOD & BEVERAGE","**Class ","1200","TEA","**Subclass","_","NOT USED","_","_","_","_","STK","TEA BAGS PEPPERMINT","METRO","CFB1-HB/051",25638,"_","_","_","_","0005",41,0,0,164.06,612.95,0,,"Subclass","_","Total:","3,827",0,0,"Total

Value @ Cost","Total

Value @Retail",0,"15,098.70","56,233.20","Class","1200","Total:","3,827",0,0,"Total

Value @ Cost","Total

Value @Retail",0,"15,098.70","56,233.20","Dept","5092","Total:","3,827",0,0,"Total

Value @ Cost","Total

Value @Retail",0,"15,098.70","56,233.20","Grand Total:","3,827",0,0,"Total

Value @ Cost","Total

Value @Retail",0,"15,098.70","56,233.20","End of Report"
4-Jun-15,"Fairmont Stores","Page#   :","1", 4:35 PM,"Inventory Stock Level","Location:","User    :","0005","0556","Low","High","Department               :  5092        
Class                    :  1200        
Category                 :  CUST        STK
Brand                    :  METRO       
Detail                   :  Yes
Description              :  Yes
Include Inactive Sku     :  No","Brand ","Categ ","Model/Style","Description","SKU #","ID-1","ID-2","ID-3 ","ID-4  ","Loc

Code","Qty

Total","Qty On

Hold","Qty In

Transit","Total

Value @ Cost","Total

Value @Retail","Qty

On Order","Row Bin ",,,,,,,,,,,,,,,,,,,,,,,,,,,,"**Dept ","5092","FOOD & BEVERAGE","**Class ","1200","TEA","**Subclass","_","NOT USED","_","_","_","_","STK","TEA BAGS EGYPTIAN CAMMOMILE","METRO","CFB1-HB/203",25639,"_","_","_","_","0005",50,0,0,187.53,747.50,0,,"Subclass","_","Total:","3,827",0,0,"Total

Value @ Cost","Total

Value @Retail",0,"15,098.70","56,233.20","Class","1200","Total:","3,827",0,0,"Total

Value @ Cost","Total

Value @Retail",0,"15,098.70","56,233.20","Dept","5092","Total:","3,827",0,0,"Total

Value @ Cost","Total

Value @Retail",0,"15,098.70","56,233.20","Grand Total:","3,827",0,0,"Total

Value @ Cost","Total

Value @Retail",0,"15,098.70","56,233.20","End of Report"
4-Jun-15,"Fairmont Stores","Page#   :","1", 4:35 PM,"Inventory Stock Level","Location:","User    :","0005","0556","Low","High","Department               :  5092        
Class                    :  1200        
Category                 :  CUST        STK
Brand                    :  METRO       
Detail                   :  Yes
Description              :  Yes
Include Inactive Sku     :  No","Brand ","Categ ","Model/Style","Description","SKU #","ID-1","ID-2","ID-3 ","ID-4  ","Loc

Code","Qty

Total","Qty On

Hold","Qty In

Transit","Total

Value @ Cost","Total

Value @Retail","Qty

On Order","Row Bin ",,,,,,,,,,,,,,,,,,,,,,,,,,,,"**Dept ","5092","FOOD & BEVERAGE","**Class ","1200","TEA","**Subclass","_","NOT USED","_","_","_","_","STK","TEA BAGS KEA LANI","METRO","CFB1-HF/530",25640,"_","_","_","_","0005",122,0,0,530.89,"1,823.90",0,,"Subclass","_","Total:","3,827",0,0,"Total

Value @ Cost","Total

Value @Retail",0,"15,098.70","56,233.20","Class","1200","Total:","3,827",0,0,"Total

Value @ Cost","Total

Value @Retail",0,"15,098.70","56,233.20","Dept","5092","Total:","3,827",0,0,"Total

Value @ Cost","Total

Value @Retail",0,"15,098.70","56,233.20","Grand Total:","3,827",0,0,"Total

Value @ Cost","Total

Value @Retail",0,"15,098.70","56,233.20","End of Report"
4-Jun-15,"Fairmont Stores","Page#   :","1", 4:35 PM,"Inventory Stock Level","Location:","User    :","0005","0556","Low","High","Department               :  5092        
Class                    :  1200        
Category                 :  CUST        STK
Brand                    :  METRO       
Detail                   :  Yes
Description              :  Yes
Include Inactive Sku     :  No","Brand ","Categ ","Model/Style","Description","SKU #","ID-1","ID-2","ID-3 ","ID-4  ","Loc

Code","Qty

Total","Qty On

Hold","Qty In

Transit","Total

Value @ Cost","Total

Value @Retail","Qty

On Order","Row Bin ",,,,,,,,,,,,,,,,,,,,,,,,,,,,"**Dept ","5092","FOOD & BEVERAGE","**Class ","1200","TEA","**Subclass","_","NOT USED","_","_","_","_","STK","TEA BAGS WILLOW STREAM SPA BLEND","METRO","CFBI-DF/512",24979,"_","_","_","_","0005",97,0,0,412.51,"1,450.15",0,,"Subclass","_","Total:","3,827",0,0,"Total

Value @ Cost","Total

Value @Retail",0,"15,098.70","56,233.20","Class","1200","Total:","3,827",0,0,"Total

Value @ Cost","Total

Value @Retail",0,"15,098.70","56,233.20","Dept","5092","Total:","3,827",0,0,"Total

Value @ Cost","Total

Value @Retail",0,"15,098.70","56,233.20","Grand Total:","3,827",0,0,"Total

Value @ Cost","Total

Value @Retail",0,"15,098.70","56,233.20","End of Report"
4-Jun-15,"Fairmont Stores","Page#   :","1", 4:35 PM,"Inventory Stock Level","Location:","User    :","0005","0556","Low","High","Department               :  5092        
Class                    :  1200        
Category                 :  CUST        STK
Brand                    :  METRO       
Detail                   :  Yes
Description              :  Yes
Include Inactive Sku     :  No","Brand ","Categ ","Model/Style","Description","SKU #","ID-1","ID-2","ID-3 ","ID-4  ","Loc

Code","Qty

Total","Qty On

Hold","Qty In

Transit","Total

Value @ Cost","Total

Value @Retail","Qty

On Order","Row Bin ",,,,,,,,,,,,,,,,,,,,,,,,,,,,"**Dept ","5092","FOOD & BEVERAGE","**Class ","1200","TEA","**Subclass","_","NOT USED","_","_","_","_","STK","TEA BAGS JASMINE BUTTERFLY","METRO","CFBI-GR/520",24980,"_","_","_","_","0005",82,0,0,356.86,"1,225.90",0,,"Subclass","_","Total:","3,827",0,0,"Total

Value @ Cost","Total

Value @Retail",0,"15,098.70","56,233.20","Class","1200","Total:","3,827",0,0,"Total

Value @ Cost","Total

Value @Retail",0,"15,098.70","56,233.20","Dept","5092","Total:","3,827",0,0,"Total

Value @ Cost","Total

Value @Retail",0,"15,098.70","56,233.20","Grand Total:","3,827",0,0,"Total

Value @ Cost","Total

Value @Retail",0,"15,098.70","56,233.20","End of Report"
4-Jun-15,"Fairmont Stores","Page#   :","1", 4:35 PM,"Inventory Stock Level","Location:","User    :","0005","0556","Low","High","Department               :  5092        
Class                    :  1200        
Category                 :  CUST        STK
Brand                    :  METRO       
Detail                   :  Yes
Description              :  Yes
Include Inactive Sku     :  No","Brand ","Categ ","Model/Style","Description","SKU #","ID-1","ID-2","ID-3 ","ID-4  ","Loc

Code","Qty

Total","Qty On

Hold","Qty In

Transit","Total

Value @ Cost","Total

Value @Retail","Qty

On Order","Row Bin ",,,,,,,,,,,,,,,,,,,,,,,,,,,,"**Dept ","5092","FOOD & BEVERAGE","**Class ","1200","TEA","**Subclass","_","NOT USED","_","_","_","_","STK","TEA MONTEBELLO APPLE SPICE","METRO","CFBI-HF/056",49123,"_","_","_","_","0005",48,0,0,175.27,717.60,0,,"Subclass","_","Total:","3,827",0,0,"Total

Value @ Cost","Total

Value @Retail",0,"15,098.70","56,233.20","Class","1200","Total:","3,827",0,0,"Total

Value @ Cost","Total

Value @Retail",0,"15,098.70","56,233.20","Dept","5092","Total:","3,827",0,0,"Total

Value @ Cost","Total

Value @Retail",0,"15,098.70","56,233.20","Grand Total:","3,827",0,0,"Total

Value @ Cost","Total

Value @Retail",0,"15,098.70","56,233.20","End of Report"
4-Jun-15,"Fairmont Stores","Page#   :","1", 4:35 PM,"Inventory Stock Level","Location:","User    :","0005","0556","Low","High","Department               :  5092        
Class                    :  1200        
Category                 :  CUST        STK
Brand                    :  METRO       
Detail                   :  Yes
Description              :  Yes
Include Inactive Sku     :  No","Brand ","Categ ","Model/Style","Description","SKU #","ID-1","ID-2","ID-3 ","ID-4  ","Loc

Code","Qty

Total","Qty On

Hold","Qty In

Transit","Total

Value @ Cost","Total

Value @Retail","Qty

On Order","Row Bin ",,,,,,,,,,,,,,,,,,,,,,,,,,,,"**Dept ","5092","FOOD & BEVERAGE","**Class ","1200","TEA","**Subclass","_","NOT USED","_","_","_","_","STK","TEA BAGS BERRY BERRY","METRO","CFBI-HF/531",24981,"_","_","_","_","0005",114,0,0,495.70,"1,704.30",0,,"Subclass","_","Total:","3,827",0,0,"Total

Value @ Cost","Total

Value @Retail",0,"15,098.70","56,233.20","Class","1200","Total:","3,827",0,0,"Total

Value @ Cost","Total

Value @Retail",0,"15,098.70","56,233.20","Dept","5092","Total:","3,827",0,0,"Total

Value @ Cost","Total

Value @Retail",0,"15,098.70","56,233.20","Grand Total:","3,827",0,0,"Total

Value @ Cost","Total

Value @Retail",0,"15,098.70","56,233.20","End of Report"
4-Jun-15,"Fairmont Stores","Page#   :","1", 4:35 PM,"Inventory Stock Level","Location:","User    :","0005","0556","Low","High","Department               :  5092        
Class                    :  1200        
Category                 :  CUST        STK
Brand                    :  METRO       
Detail                   :  Yes
Description              :  Yes
Include Inactive Sku     :  No","Brand ","Categ ","Model/Style","Description","SKU #","ID-1","ID-2","ID-3 ","ID-4  ","Loc

Code","Qty

Total","Qty On

Hold","Qty In

Transit","Total

Value @ Cost","Total

Value @Retail","Qty

On Order","Row Bin ",,,,,,,,,,,,,,,,,,,,,,,,,,,,"**Dept ","5092","FOOD & BEVERAGE","**Class ","1200","TEA","**Subclass","_","NOT USED","_","_","_","_","STK","TEA BAG FAIRMONT EARL GREY","METRO","CFBI-SP/006",24982,"_","_","_","_","0005",114,0,0,496.31,"1,704.30",0,,"Subclass","_","Total:","3,827",0,0,"Total

Value @ Cost","Total

Value @Retail",0,"15,098.70","56,233.20","Class","1200","Total:","3,827",0,0,"Total

Value @ Cost","Total

Value @Retail",0,"15,098.70","56,233.20","Dept","5092","Total:","3,827",0,0,"Total

Value @ Cost","Total

Value @Retail",0,"15,098.70","56,233.20","Grand Total:","3,827",0,0,"Total

Value @ Cost","Total

Value @Retail",0,"15,098.70","56,233.20","End of Report"
4-Jun-15,"Fairmont Stores","Page#   :","1", 4:35 PM,"Inventory Stock Level","Location:","User    :","0005","0556","Low","High","Department               :  5092        
Class                    :  1200        
Category                 :  CUST        STK
Brand                    :  METRO       
Detail                   :  Yes
Description              :  Yes
Include Inactive Sku     :  No","Brand ","Categ ","Model/Style","Description","SKU #","ID-1","ID-2","ID-3 ","ID-4  ","Loc

Code","Qty

Total","Qty On

Hold","Qty In

Transit","Total

Value @ Cost","Total

Value @Retail","Qty

On Order","Row Bin ",,,,,,,,,,,,,,,,,,,,,,,,,,,,"**Dept ","5092","FOOD & BEVERAGE","**Class ","1200","TEA","**Subclass","_","NOT USED","_","_","_","_","STK","TEA BAG EMPRESS ORANGE PEKOE","METRO","CFBI-SP/540",24983,"_","_","_","_","0005",86,0,0,343.96,"1,285.70",0,,"Subclass","_","Total:","3,827",0,0,"Total

Value @ Cost","Total

Value @Retail",0,"15,098.70","56,233.20","Class","1200","Total:","3,827",0,0,"Total

Value @ Cost","Total

Value @Retail",0,"15,098.70","56,233.20","Dept","5092","Total:","3,827",0,0,"Total

Value @ Cost","Total

Value @Retail",0,"15,098.70","56,233.20","Grand Total:","3,827",0,0,"Total

Value @ Cost","Total

Value @Retail",0,"15,098.70","56,233.20","End of Report"
4-Jun-15,"Fairmont Stores","Page#   :","1", 4:35 PM,"Inventory Stock Level","Location:","User    :","0005","0556","Low","High","Department               :  5092        
Class                    :  1200        
Category                 :  CUST        STK
Brand                    :  METRO       
Detail                   :  Yes
Description              :  Yes
Include Inactive Sku     :  No","Brand ","Categ ","Model/Style","Description","SKU #","ID-1","ID-2","ID-3 ","ID-4  ","Loc

Code","Qty

Total","Qty On

Hold","Qty In

Transit","Total

Value @ Cost","Total

Value @Retail","Qty

On Order","Row Bin ",,,,,,,,,,,,,,,,,,,,,,,,,,,,"**Dept ","5092","FOOD & BEVERAGE","**Class ","1200","TEA","**Subclass","_","NOT USED","_","_","_","_","STK","TEA BAG FAIRMONT BREAKFAST","METRO","CFBI-SP/670",24984,"_","_","_","_","0005",87,0,0,348.44,"1,300.65",0,,"Subclass","_","Total:","3,827",0,0,"Total

Value @ Cost","Total

Value @Retail",0,"15,098.70","56,233.20","Class","1200","Total:","3,827",0,0,"Total

Value @ Cost","Total

Value @Retail",0,"15,098.70","56,233.20","Dept","5092","Total:","3,827",0,0,"Total

Value @ Cost","Total

Value @Retail",0,"15,098.70","56,233.20","Grand Total:","3,827",0,0,"Total

Value @ Cost","Total

Value @Retail",0,"15,098.70","56,233.20","End of Report"
4-Jun-15,"Fairmont Stores","Page#   :","1", 4:35 PM,"Inventory Stock Level","Location:","User    :","0005","0556","Low","High","Department               :  5092        
Class                    :  1200        
Category                 :  CUST        STK
Brand                    :  METRO       
Detail                   :  Yes
Description              :  Yes
Include Inactive Sku     :  No","Brand ","Categ ","Model/Style","Description","SKU #","ID-1","ID-2","ID-3 ","ID-4  ","Loc

Code","Qty

Total","Qty On

Hold","Qty In

Transit","Total

Value @ Cost","Total

Value @Retail","Qty

On Order","Row Bin ",,,,,,,,,,,,,,,,,,,,,,,,,,,,"**Dept ","5092","FOOD & BEVERAGE","**Class ","1200","TEA","**Subclass","_","NOT USED","_","_","_","_","STK","TEA MASALA CHAI","METRO","CFBI-SP/852",49122,"_","_","_","_","0005",39,0,0,142.63,583.05,0,,"Subclass","_","Total:","3,827",0,0,"Total

Value @ Cost","Total

Value @Retail",0,"15,098.70","56,233.20","Class","1200","Total:","3,827",0,0,"Total

Value @ Cost","Total

Value @Retail",0,"15,098.70","56,233.20","Dept","5092","Total:","3,827",0,0,"Total

Value @ Cost","Total

Value @Retail",0,"15,098.70","56,233.20","Grand Total:","3,827",0,0,"Total

Value @ Cost","Total

Value @Retail",0,"15,098.70","56,233.20","End of Report"
4-Jun-15,"Fairmont Stores","Page#   :","1", 4:35 PM,"Inventory Stock Level","Location:","User    :","0005","0556","Low","High","Department               :  5092        
Class                    :  1200        
Category                 :  CUST        STK
Brand                    :  METRO       
Detail                   :  Yes
Description              :  Yes
Include Inactive Sku     :  No","Brand ","Categ ","Model/Style","Description","SKU #","ID-1","ID-2","ID-3 ","ID-4  ","Loc

Code","Qty

Total","Qty On

Hold","Qty In

Transit","Total

Value @ Cost","Total

Value @Retail","Qty

On Order","Row Bin ",,,,,,,,,,,,,,,,,,,,,,,,,,,,"**Dept ","5092","FOOD & BEVERAGE","**Class ","1200","TEA","**Subclass","_","NOT USED","_","_","_","_","STK","ENERGY TEA (25 BAG)","METRO","CFBI-WL 855",74157,"_","_","_","_","0005",54,0,0,223.95,807.30,0,,"Subclass","_","Total:","3,827",0,0,"Total

Value @ Cost","Total

Value @Retail",0,"15,098.70","56,233.20","Class","1200","Total:","3,827",0,0,"Total

Value @ Cost","Total

Value @Retail",0,"15,098.70","56,233.20","Dept","5092","Total:","3,827",0,0,"Total

Value @ Cost","Total

Value @Retail",0,"15,098.70","56,233.20","Grand Total:","3,827",0,0,"Total

Value @ Cost","Total

Value @Retail",0,"15,098.70","56,233.20","End of Report"
4-Jun-15,"Fairmont Stores","Page#   :","1", 4:35 PM,"Inventory Stock Level","Location:","User    :","0005","0556","Low","High","Department               :  5092        
Class                    :  1200        
Category                 :  CUST        STK
Brand                    :  METRO       
Detail                   :  Yes
Description              :  Yes
Include Inactive Sku     :  No","Brand ","Categ ","Model/Style","Description","SKU #","ID-1","ID-2","ID-3 ","ID-4  ","Loc

Code","Qty

Total","Qty On

Hold","Qty In

Transit","Total

Value @ Cost","Total

Value @Retail","Qty

On Order","Row Bin ",,,,,,,,,,,,,,,,,,,,,,,,,,,,"**Dept ","5092","FOOD & BEVERAGE","**Class ","1200","TEA","**Subclass","_","NOT USED","_","_","_","_","STK","TRANQUILITY TEA (25 BAG)","METRO","CFBI-WL 856",74158,"_","_","_","_","0005",32,0,0,132.68,478.40,0,,"Subclass","_","Total:","3,827",0,0,"Total

Value @ Cost","Total

Value @Retail",0,"15,098.70","56,233.20","Class","1200","Total:","3,827",0,0,"Total

Value @ Cost","Total

Value @Retail",0,"15,098.70","56,233.20","Dept","5092","Total:","3,827",0,0,"Total

Value @ Cost","Total

Value @Retail",0,"15,098.70","56,233.20","Grand Total:","3,827",0,0,"Total

Value @ Cost","Total

Value @Retail",0,"15,098.70","56,233.20","End of Report"
4-Jun-15,"Fairmont Stores","Page#   :","1", 4:35 PM,"Inventory Stock Level","Location:","User    :","0005","0556","Low","High","Department               :  5092        
Class                    :  1200        
Category                 :  CUST        STK
Brand                    :  METRO       
Detail                   :  Yes
Description              :  Yes
Include Inactive Sku     :  No","Brand ","Categ ","Model/Style","Description","SKU #","ID-1","ID-2","ID-3 ","ID-4  ","Loc

Code","Qty

Total","Qty On

Hold","Qty In

Transit","Total

Value @ Cost","Total

Value @Retail","Qty

On Order","Row Bin ",,,,,,,,,,,,,,,,,,,,,,,,,,,,"**Dept ","5092","FOOD & BEVERAGE","**Class ","1200","TEA","**Subclass","_","NOT USED","_","_","_","_","STK","EQUILIBRIUM TEA (25 BAG)","METRO","CFBI-WL 857",74159,"_","_","_","_","0005",45,0,0,186.70,672.75,0,,"Subclass","_","Total:","3,827",0,0,"Total

Value @ Cost","Total

Value @Retail",0,"15,098.70","56,233.20","Class","1200","Total:","3,827",0,0,"Total

Value @ Cost","Total

Value @Retail",0,"15,098.70","56,233.20","Dept","5092","Total:","3,827",0,0,"Total

Value @ Cost","Total

Value @Retail",0,"15,098.70","56,233.20","Grand Total:","3,827",0,0,"Total

Value @ Cost","Total

Value @Retail",0,"15,098.70","56,233.20","End of Report"
4-Jun-15,"Fairmont Stores","Page#   :","1", 4:35 PM,"Inventory Stock Level","Location:","User    :","0005","0556","Low","High","Department               :  5092        
Class                    :  1200        
Category                 :  CUST        STK
Brand                    :  METRO       
Detail                   :  Yes
Description              :  Yes
Include Inactive Sku     :  No","Brand ","Categ ","Model/Style","Description","SKU #","ID-1","ID-2","ID-3 ","ID-4  ","Loc

Code","Qty

Total","Qty On

Hold","Qty In

Transit","Total

Value @ Cost","Total

Value @Retail","Qty

On Order","Row Bin ",,,,,,,,,,,,,,,,,,,,,,,,,,,,"**Dept ","5092","FOOD & BEVERAGE","**Class ","1200","TEA","**Subclass","_","NOT USED","_","_","_","_","STK","DIGESTIF TEA (25 BAG)","METRO","CFBI-WL 858",74160,"_","_","_","_","0005",36,0,0,154.35,538.20,0,,"Subclass","_","Total:","3,827",0,0,"Total

Value @ Cost","Total

Value @Retail",0,"15,098.70","56,233.20","Class","1200","Total:","3,827",0,0,"Total

Value @ Cost","Total

Value @Retail",0,"15,098.70","56,233.20","Dept","5092","Total:","3,827",0,0,"Total

Value @ Cost","Total

Value @Retail",0,"15,098.70","56,233.20","Grand Total:","3,827",0,0,"Total

Value @ Cost","Total

Value @Retail",0,"15,098.70","56,233.20","End of Report"
4-Jun-15,"Fairmont Stores","Page#   :","1", 4:35 PM,"Inventory Stock Level","Location:","User    :","0005","0556","Low","High","Department               :  5092        
Class                    :  1200        
Category                 :  CUST        STK
Brand                    :  METRO       
Detail                   :  Yes
Description              :  Yes
Include Inactive Sku     :  No","Brand ","Categ ","Model/Style","Description","SKU #","ID-1","ID-2","ID-3 ","ID-4  ","Loc

Code","Qty

Total","Qty On

Hold","Qty In

Transit","Total

Value @ Cost","Total

Value @Retail","Qty

On Order","Row Bin ",,,,,,,,,,,,,,,,,,,,,,,,,,,,"**Dept ","5092","FOOD & BEVERAGE","**Class ","1200","TEA","**Subclass","_","NOT USED","_","_","_","_","STK","ANTIOXIDANT TEA (25 BAG)","METRO","CFBI-WL 859",74161,"_","_","_","_","0005",39,0,0,161.98,583.05,0,,"Subclass","_","Total:","3,827",0,0,"Total

Value @ Cost","Total

Value @Retail",0,"15,098.70","56,233.20","Class","1200","Total:","3,827",0,0,"Total

Value @ Cost","Total

Value @Retail",0,"15,098.70","56,233.20","Dept","5092","Total:","3,827",0,0,"Total

Value @ Cost","Total

Value @Retail",0,"15,098.70","56,233.20","Grand Total:","3,827",0,0,"Total

Value @ Cost","Total

Value @Retail",0,"15,098.70","56,233.20","End of Report"
4-Jun-15,"Fairmont Stores","Page#   :","1", 4:35 PM,"Inventory Stock Level","Location:","User    :","0005","0556","Low","High","Department               :  5092        
Class                    :  1200        
Category                 :  CUST        STK
Brand                    :  METRO       
Detail                   :  Yes
Description              :  Yes
Include Inactive Sku     :  No","Brand ","Categ ","Model/Style","Description","SKU #","ID-1","ID-2","ID-3 ","ID-4  ","Loc

Code","Qty

Total","Qty On

Hold","Qty In

Transit","Total

Value @ Cost","Total

Value @Retail","Qty

On Order","Row Bin ",,,,,,,,,,,,,,,,,,,,,,,,,,,,"**Dept ","5092","FOOD & BEVERAGE","**Class ","1200","TEA","**Subclass","_","NOT USED","_","_","_","_","CUST","TEA WILLOW STREAM 100gm FH&R","METRO","cflt-1df/512",52665,"_","_","_","_","0005",103,0,0,378.01,"1,333.85",0,,"Subclass","_","Total:","3,827",0,0,"Total

Value @ Cost","Total

Value @Retail",0,"15,098.70","56,233.20","Class","1200","Total:","3,827",0,0,"Total

Value @ Cost","Total

Value @Retail",0,"15,098.70","56,233.20","Dept","5092","Total:","3,827",0,0,"Total

Value @ Cost","Total

Value @Retail",0,"15,098.70","56,233.20","Grand Total:","3,827",0,0,"Total

Value @ Cost","Total

Value @Retail",0,"15,098.70","56,233.20","End of Report"
4-Jun-15,"Fairmont Stores","Page#   :","1", 4:35 PM,"Inventory Stock Level","Location:","User    :","0005","0556","Low","High","Department               :  5092        
Class                    :  1200        
Category                 :  CUST        STK
Brand                    :  METRO       
Detail                   :  Yes
Description              :  Yes
Include Inactive Sku     :  No","Brand ","Categ ","Model/Style","Description","SKU #","ID-1","ID-2","ID-3 ","ID-4  ","Loc

Code","Qty

Total","Qty On

Hold","Qty In

Transit","Total

Value @ Cost","Total

Value @Retail","Qty

On Order","Row Bin ",,,,,,,,,,,,,,,,,,,,,,,,,,,,"**Dept ","5092","FOOD & BEVERAGE","**Class ","1200","TEA","**Subclass","_","NOT USED","_","_","_","_","CUST","TEA MAPLE MAPLE 100gm FH&R","METRO","cflt-1fv/041",52667,"_","_","_","_","0005",56,0,0,204.60,725.20,0,,"Subclass","_","Total:","3,827",0,0,"Total

Value @ Cost","Total

Value @Retail",0,"15,098.70","56,233.20","Class","1200","Total:","3,827",0,0,"Total

Value @ Cost","Total

Value @Retail",0,"15,098.70","56,233.20","Dept","5092","Total:","3,827",0,0,"Total

Value @ Cost","Total

Value @Retail",0,"15,098.70","56,233.20","Grand Total:","3,827",0,0,"Total

Value @ Cost","Total

Value @Retail",0,"15,098.70","56,233.20","End of Report"
4-Jun-15,"Fairmont Stores","Page#   :","1", 4:35 PM,"Inventory Stock Level","Location:","User    :","0005","0556","Low","High","Department               :  5092        
Class                    :  1200        
Category                 :  CUST        STK
Brand                    :  METRO       
Detail                   :  Yes
Description              :  Yes
Include Inactive Sku     :  No","Brand ","Categ ","Model/Style","Description","SKU #","ID-1","ID-2","ID-3 ","ID-4  ","Loc

Code","Qty

Total","Qty On

Hold","Qty In

Transit","Total

Value @ Cost","Total

Value @Retail","Qty

On Order","Row Bin ",,,,,,,,,,,,,,,,,,,,,,,,,,,,"**Dept ","5092","FOOD & BEVERAGE","**Class ","1200","TEA","**Subclass","_","NOT USED","_","_","_","_","CUST","100g BREAKFAST FH&R LOOSE TEA","METRO","CFMT/1SP/670",85353,"_","_","_","_","0005",65,0,0,237.57,841.75,0,,"Subclass","_","Total:","3,827",0,0,"Total

Value @ Cost","Total

Value @Retail",0,"15,098.70","56,233.20","Class","1200","Total:","3,827",0,0,"Total

Value @ Cost","Total

Value @Retail",0,"15,098.70","56,233.20","Dept","5092","Total:","3,827",0,0,"Total

Value @ Cost","Total

Value @Retail",0,"15,098.70","56,233.20","Grand Total:","3,827",0,0,"Total

Value @ Cost","Total

Value @Retail",0,"15,098.70","56,233.20","End of Report"
4-Jun-15,"Fairmont Stores","Page#   :","1", 4:35 PM,"Inventory Stock Level","Location:","User    :","0005","0556","Low","High","Department               :  5092        
Class                    :  1200        
Category                 :  CUST        STK
Brand                    :  METRO       
Detail                   :  Yes
Description              :  Yes
Include Inactive Sku     :  No","Brand ","Categ ","Model/Style","Description","SKU #","ID-1","ID-2","ID-3 ","ID-4  ","Loc

Code","Qty

Total","Qty On

Hold","Qty In

Transit","Total

Value @ Cost","Total

Value @Retail","Qty

On Order","Row Bin ",,,,,,,,,,,,,,,,,,,,,,,,,,,,"**Dept ","5092","FOOD & BEVERAGE","**Class ","1200","TEA","**Subclass","_","NOT USED","_","_","_","_","CUST","100g JASMINE BUTTERFLY FH&R LOOSE TEA","METRO","CFMT-1GR/520",85350,"_","_","_","_","0005",65,0,0,237.47,841.75,0,,"Subclass","_","Total:","3,827",0,0,"Total

Value @ Cost","Total

Value @Retail",0,"15,098.70","56,233.20","Class","1200","Total:","3,827",0,0,"Total

Value @ Cost","Total

Value @Retail",0,"15,098.70","56,233.20","Dept","5092","Total:","3,827",0,0,"Total

Value @ Cost","Total

Value @Retail",0,"15,098.70","56,233.20","Grand Total:","3,827",0,0,"Total

Value @ Cost","Total

Value @Retail",0,"15,098.70","56,233.20","End of Report"
4-Jun-15,"Fairmont Stores","Page#   :","1", 4:35 PM,"Inventory Stock Level","Location:","User    :","0005","0556","Low","High","Department               :  5092        
Class                    :  1200        
Category                 :  CUST        STK
Brand                    :  METRO       
Detail                   :  Yes
Description              :  Yes
Include Inactive Sku     :  No","Brand ","Categ ","Model/Style","Description","SKU #","ID-1","ID-2","ID-3 ","ID-4  ","Loc

Code","Qty

Total","Qty On

Hold","Qty In

Transit","Total

Value @ Cost","Total

Value @Retail","Qty

On Order","Row Bin ",,,,,,,,,,,,,,,,,,,,,,,,,,,,"**Dept ","5092","FOOD & BEVERAGE","**Class ","1200","TEA","**Subclass","_","NOT USED","_","_","_","_","CUST","100g KEA LANI FH&R LOOSE TEA","METRO","CFMT-1HF/530",85351,"_","_","_","_","0005",128,0,0,467.31,"1,657.60",0,,"Subclass","_","Total:","3,827",0,0,"Total

Value @ Cost","Total

Value @Retail",0,"15,098.70","56,233.20","Class","1200","Total:","3,827",0,0,"Total

Value @ Cost","Total

Value @Retail",0,"15,098.70","56,233.20","Dept","5092","Total:","3,827",0,0,"Total

Value @ Cost","Total

Value @Retail",0,"15,098.70","56,233.20","Grand Total:","3,827",0,0,"Total

Value @ Cost","Total

Value @Retail",0,"15,098.70","56,233.20","End of Report"
4-Jun-15,"Fairmont Stores","Page#   :","1", 4:35 PM,"Inventory Stock Level","Location:","User    :","0005","0556","Low","High","Department               :  5092        
Class                    :  1200        
Category                 :  CUST        STK
Brand                    :  METRO       
Detail                   :  Yes
Description              :  Yes
Include Inactive Sku     :  No","Brand ","Categ ","Model/Style","Description","SKU #","ID-1","ID-2","ID-3 ","ID-4  ","Loc

Code","Qty

Total","Qty On

Hold","Qty In

Transit","Total

Value @ Cost","Total

Value @Retail","Qty

On Order","Row Bin ",,,,,,,,,,,,,,,,,,,,,,,,,,,,"**Dept ","5092","FOOD & BEVERAGE","**Class ","1200","TEA","**Subclass","_","NOT USED","_","_","_","_","CUST","100g BERRY FH&R LOOSE TEA","METRO","CFMT-1HF/531",85823,"_","_","_","_","0005",64,0,0,238.32,828.80,0,,"Subclass","_","Total:","3,827",0,0,"Total

Value @ Cost","Total

Value @Retail",0,"15,098.70","56,233.20","Class","1200","Total:","3,827",0,0,"Total

Value @ Cost","Total

Value @Retail",0,"15,098.70","56,233.20","Dept","5092","Total:","3,827",0,0,"Total

Value @ Cost","Total

Value @Retail",0,"15,098.70","56,233.20","Grand Total:","3,827",0,0,"Total

Value @ Cost","Total

Value @Retail",0,"15,098.70","56,233.20","End of Report"
4-Jun-15,"Fairmont Stores","Page#   :","1", 4:35 PM,"Inventory Stock Level","Location:","User    :","0005","0556","Low","High","Department               :  5092        
Class                    :  1200        
Category                 :  CUST        STK
Brand                    :  METRO       
Detail                   :  Yes
Description              :  Yes
Include Inactive Sku     :  No","Brand ","Categ ","Model/Style","Description","SKU #","ID-1","ID-2","ID-3 ","ID-4  ","Loc

Code","Qty

Total","Qty On

Hold","Qty In

Transit","Total

Value @ Cost","Total

Value @Retail","Qty

On Order","Row Bin ",,,,,,,,,,,,,,,,,,,,,,,,,,,,"**Dept ","5092","FOOD & BEVERAGE","**Class ","1200","TEA","**Subclass","_","NOT USED","_","_","_","_","CUST","100g EARLGREY FH&R LOOSE TEA","METRO","CFMT-1SP/006",85354,"_","_","_","_","0005",50,0,0,182.46,647.50,0,,"Subclass","_","Total:","3,827",0,0,"Total

Value @ Cost","Total

Value @Retail",0,"15,098.70","56,233.20","Class","1200","Total:","3,827",0,0,"Total

Value @ Cost","Total

Value @Retail",0,"15,098.70","56,233.20","Dept","5092","Total:","3,827",0,0,"Total

Value @ Cost","Total

Value @Retail",0,"15,098.70","56,233.20","Grand Total:","3,827",0,0,"Total

Value @ Cost","Total

Value @Retail",0,"15,098.70","56,233.20","End of Report"
4-Jun-15,"Fairmont Stores","Page#   :","1", 4:35 PM,"Inventory Stock Level","Location:","User    :","0005","0556","Low","High","Department               :  5092        
Class                    :  1200        
Category                 :  CUST        STK
Brand                    :  METRO       
Detail                   :  Yes
Description              :  Yes
Include Inactive Sku     :  No","Brand ","Categ ","Model/Style","Description","SKU #","ID-1","ID-2","ID-3 ","ID-4  ","Loc

Code","Qty

Total","Qty On

Hold","Qty In

Transit","Total

Value @ Cost","Total

Value @Retail","Qty

On Order","Row Bin ",,,,,,,,,,,,,,,,,,,,,,,,,,,,"**Dept ","5092","FOOD & BEVERAGE","**Class ","1200","TEA","**Subclass","_","NOT USED","_","_","_","_","CUST","100g EMPRESS FH&R LOOSE TEA","METRO","CFMT-1SP/540",85352,"_","_","_","_","0005",78,0,0,284.56,"1,010.10",0,,"Subclass","_","Total:","3,827",0,0,"Total

Value @ Cost","Total

Value @Retail",0,"15,098.70","56,233.20","Class","1200","Total:","3,827",0,0,"Total

Value @ Cost","Total

Value @Retail",0,"15,098.70","56,233.20","Dept","5092","Total:","3,827",0,0,"Total

Value @ Cost","Total

Value @Retail",0,"15,098.70","56,233.20","Grand Total:","3,827",0,0,"Total

Value @ Cost","Total

Value @Retail",0,"15,098.70","56,233.20","End of Report"
4-Jun-15,"Fairmont Stores","Page#   :","1", 4:35 PM,"Inventory Stock Level","Location:","User    :","0005","0556","Low","High","Department               :  5092        
Class                    :  1200        
Category                 :  CUST        STK
Brand                    :  METRO       
Detail                   :  Yes
Description              :  Yes
Include Inactive Sku     :  No","Brand ","Categ ","Model/Style","Description","SKU #","ID-1","ID-2","ID-3 ","ID-4  ","Loc

Code","Qty

Total","Qty On

Hold","Qty In

Transit","Total

Value @ Cost","Total

Value @Retail","Qty

On Order","Row Bin ",,,,,,,,,,,,,,,,,,,,,,,,,,,,"**Dept ","5092","FOOD & BEVERAGE","**Class ","1200","TEA","**Subclass","_","NOT USED","_","_","_","_","STK","TEA AT THE EMPRESS LOOSE","METRO","CFMT-5SP/540 500g",99938,"_","_","_","_","0005",57,0,0,692.67,"2,562.15",0,,"Subclass","_","Total:","3,827",0,0,"Total

Value @ Cost","Total

Value @Retail",0,"15,098.70","56,233.20","Class","1200","Total:","3,827",0,0,"Total

Value @ Cost","Total

Value @Retail",0,"15,098.70","56,233.20","Dept","5092","Total:","3,827",0,0,"Total

Value @ Cost","Total

Value @Retail",0,"15,098.70","56,233.20","Grand Total:","3,827",0,0,"Total

Value @ Cost","Total

Value @Retail",0,"15,098.70","56,233.20","End of Report"
4-Jun-15,"Fairmont Stores","Page#   :","1", 4:35 PM,"Inventory Stock Level","Location:","User    :","0005","0556","Low","High","Department               :  5092        
Class                    :  1200        
Category                 :  CUST        STK
Brand                    :  METRO       
Detail                   :  Yes
Description              :  Yes
Include Inactive Sku     :  No","Brand ","Categ ","Model/Style","Description","SKU #","ID-1","ID-2","ID-3 ","ID-4  ","Loc

Code","Qty

Total","Qty On

Hold","Qty In

Transit","Total

Value @ Cost","Total

Value @Retail","Qty

On Order","Row Bin ",,,,,,,,,,,,,,,,,,,,,,,,,,,,"**Dept ","5092","FOOD & BEVERAGE","**Class ","1200","TEA","**Subclass","_","NOT USED","_","_","_","_","STK","TEA AT THE EMPRESS LOOSE","METRO","CFMT-5SP/540-100g",42459,"_","_","_","_","0005",-5,0,0,-11.03,-29.75,0,,"Subclass","_","Total:","3,827",0,0,"Total

Value @ Cost","Total

Value @Retail",0,"15,098.70","56,233.20","Class","1200","Total:","3,827",0,0,"Total

Value @ Cost","Total

Value @Retail",0,"15,098.70","56,233.20","Dept","5092","Total:","3,827",0,0,"Total

Value @ Cost","Total

Value @Retail",0,"15,098.70","56,233.20","Grand Total:","3,827",0,0,"Total

Value @ Cost","Total

Value @Retail",0,"15,098.70","56,233.20","End of Report"
4-Jun-15,"Fairmont Stores","Page#   :","1", 4:35 PM,"Inventory Stock Level","Location:","User    :","0005","0556","Low","High","Department               :  5092        
Class                    :  1200        
Category                 :  CUST        STK
Brand                    :  METRO       
Detail                   :  Yes
Description              :  Yes
Include Inactive Sku     :  No","Brand ","Categ ","Model/Style","Description","SKU #","ID-1","ID-2","ID-3 ","ID-4  ","Loc

Code","Qty

Total","Qty On

Hold","Qty In

Transit","Total

Value @ Cost","Total

Value @Retail","Qty

On Order","Row Bin ",,,,,,,,,,,,,,,,,,,,,,,,,,,,"**Dept ","5092","FOOD & BEVERAGE","**Class ","1200","TEA","**Subclass","_","NOT USED","_","_","_","_","STK","EMPRESS 10 TB SAMPLER CELLO WRAP","METRO","C-FT10 CELLO",18405,"_","_","_","_","0005",574,0,0,683.30,"5,137.30",0,,"Subclass","_","Total:","3,827",0,0,"Total

Value @ Cost","Total

Value @Retail",0,"15,098.70","56,233.20","Class","1200","Total:","3,827",0,0,"Total

Value @ Cost","Total

Value @Retail",0,"15,098.70","56,233.20","Dept","5092","Total:","3,827",0,0,"Total

Value @ Cost","Total

Value @Retail",0,"15,098.70","56,233.20","Grand Total:","3,827",0,0,"Total

Value @ Cost","Total

Value @Retail",0,"15,098.70","56,233.20","End of Report"
4-Jun-15,"Fairmont Stores","Page#   :","1", 4:35 PM,"Inventory Stock Level","Location:","User    :","0005","0556","Low","High","Department               :  5092        
Class                    :  1200        
Category                 :  CUST        STK
Brand                    :  METRO       
Detail                   :  Yes
Description              :  Yes
Include Inactive Sku     :  No","Brand ","Categ ","Model/Style","Description","SKU #","ID-1","ID-2","ID-3 ","ID-4  ","Loc

Code","Qty

Total","Qty On

Hold","Qty In

Transit","Total

Value @ Cost","Total

Value @Retail","Qty

On Order","Row Bin ",,,,,,,,,,,,,,,,,,,,,,,,,,,,"**Dept ","5092","FOOD & BEVERAGE","**Class ","1200","TEA","**Subclass","_","NOT USED","_","_","_","_","STK","EMPRESS 50 TB BOX CELLO WRAP","METRO","C-FT50 CELLO",18407,"_","_","_","_","0005",415,0,0,"1,846.53","7,864.25",0,,"Subclass","_","Total:","3,827",0,0,"Total

Value @ Cost","Total

Value @Retail",0,"15,098.70","56,233.20","Class","1200","Total:","3,827",0,0,"Total

Value @ Cost","Total

Value @Retail",0,"15,098.70","56,233.20","Dept","5092","Total:","3,827",0,0,"Total

Value @ Cost","Total

Value @Retail",0,"15,098.70","56,233.20","Grand Total:","3,827",0,0,"Total

Value @ Cost","Total

Value @Retail",0,"15,098.70","56,233.20","End of Report"
4-Jun-15,"Fairmont Stores","Page#   :","1", 4:35 PM,"Inventory Stock Level","Location:","User    :","0005","0556","Low","High","Department               :  5092        
Class                    :  1200        
Category                 :  CUST        STK
Brand                    :  METRO       
Detail                   :  Yes
Description              :  Yes
Include Inactive Sku     :  No","Brand ","Categ ","Model/Style","Description","SKU #","ID-1","ID-2","ID-3 ","ID-4  ","Loc

Code","Qty

Total","Qty On

Hold","Qty In

Transit","Total

Value @ Cost","Total

Value @Retail","Qty

On Order","Row Bin ",,,,,,,,,,,,,,,,,,,,,,,,,,,,"**Dept ","5092","FOOD & BEVERAGE","**Class ","1200","TEA","**Subclass","_","NOT USED","_","_","_","_","CUST","TIN 50g BUTTERFLY JASMINE","METRO","CFTI-NEM-BJ",95816,"_","_","_","_","0005",20,0,0,291.10,799.00,0,,"Subclass","_","Total:","3,827",0,0,"Total

Value @ Cost","Total

Value @Retail",0,"15,098.70","56,233.20","Class","1200","Total:","3,827",0,0,"Total

Value @ Cost","Total

Value @Retail",0,"15,098.70","56,233.20","Dept","5092","Total:","3,827",0,0,"Total

Value @ Cost","Total

Value @Retail",0,"15,098.70","56,233.20","Grand Total:","3,827",0,0,"Total

Value @ Cost","Total

Value @Retail",0,"15,098.70","56,233.20","End of Report"
4-Jun-15,"Fairmont Stores","Page#   :","1", 4:35 PM,"Inventory Stock Level","Location:","User    :","0005","0556","Low","High","Department               :  5092        
Class                    :  1200        
Category                 :  CUST        STK
Brand                    :  METRO       
Detail                   :  Yes
Description              :  Yes
Include Inactive Sku     :  No","Brand ","Categ ","Model/Style","Description","SKU #","ID-1","ID-2","ID-3 ","ID-4  ","Loc

Code","Qty

Total","Qty On

Hold","Qty In

Transit","Total

Value @ Cost","Total

Value @Retail","Qty

On Order","Row Bin ",,,,,,,,,,,,,,,,,,,,,,,,,,,,"**Dept ","5092","FOOD & BEVERAGE","**Class ","1200","TEA","**Subclass","_","NOT USED","_","_","_","_","CUST","TIN 50g 2 DOVE SILVER NEEDLES","METRO","CFTI-NEM-DOVE",95817,"_","_","_","_","0005",11,0,0,142.36,362.45,0,,"Subclass","_","Total:","3,827",0,0,"Total

Value @ Cost","Total

Value @Retail",0,"15,098.70","56,233.20","Class","1200","Total:","3,827",0,0,"Total

Value @ Cost","Total

Value @Retail",0,"15,098.70","56,233.20","Dept","5092","Total:","3,827",0,0,"Total

Value @ Cost","Total

Value @Retail",0,"15,098.70","56,233.20","Grand Total:","3,827",0,0,"Total

Value @ Cost","Total

Value @Retail",0,"15,098.70","56,233.20","End of Report"
4-Jun-15,"Fairmont Stores","Page#   :","1", 4:35 PM,"Inventory Stock Level","Location:","User    :","0005","0556","Low","High","Department               :  5092        
Class                    :  1200        
Category                 :  CUST        STK
Brand                    :  METRO       
Detail                   :  Yes
Description              :  Yes
Include Inactive Sku     :  No","Brand ","Categ ","Model/Style","Description","SKU #","ID-1","ID-2","ID-3 ","ID-4  ","Loc

Code","Qty

Total","Qty On

Hold","Qty In

Transit","Total

Value @ Cost","Total

Value @Retail","Qty

On Order","Row Bin ",,,,,,,,,,,,,,,,,,,,,,,,,,,,"**Dept ","5092","FOOD & BEVERAGE","**Class ","1200","TEA","**Subclass","_","NOT USED","_","_","_","_","CUST","TIN 50g MILK OOLONG","METRO","CFTI-NEM-MO",95815,"_","_","_","_","0005",17,0,0,99.17,322.15,0,,"Subclass","_","Total:","3,827",0,0,"Total

Value @ Cost","Total

Value @Retail",0,"15,098.70","56,233.20","Class","1200","Total:","3,827",0,0,"Total

Value @ Cost","Total

Value @Retail",0,"15,098.70","56,233.20","Dept","5092","Total:","3,827",0,0,"Total

Value @ Cost","Total

Value @Retail",0,"15,098.70","56,233.20","Grand Total:","3,827",0,0,"Total

Value @ Cost","Total

Value @Retail",0,"15,098.70","56,233.20","End of Report"
4-Jun-15,"Fairmont Stores","Page#   :","1", 4:35 PM,"Inventory Stock Level","Location:","User    :","0005","0556","Low","High","Department               :  5092        
Class                    :  1200        
Category                 :  CUST        STK
Brand                    :  METRO       
Detail                   :  Yes
Description              :  Yes
Include Inactive Sku     :  No","Brand ","Categ ","Model/Style","Description","SKU #","ID-1","ID-2","ID-3 ","ID-4  ","Loc

Code","Qty

Total","Qty On

Hold","Qty In

Transit","Total

Value @ Cost","Total

Value @Retail","Qty

On Order","Row Bin ",,,,,,,,,,,,,,,,,,,,,,,,,,,,"**Dept ","5092","FOOD & BEVERAGE","**Class ","1200","TEA","**Subclass","_","NOT USED","_","_","_","_","STK","TEA TIN EMP 10TB (BLUE)","METRO","ET-TIN",24329,"_","_","_","_","0005",211,0,0,514.66,"2,521.45",0,,"Subclass","_","Total:","3,827",0,0,"Total

Value @ Cost","Total

Value @Retail",0,"15,098.70","56,233.20","Class","1200","Total:","3,827",0,0,"Total

Value @ Cost","Total

Value @Retail",0,"15,098.70","56,233.20","Dept","5092","Total:","3,827",0,0,"Total

Value @ Cost","Total

Value @Retail",0,"15,098.70","56,233.20","Grand Total:","3,827",0,0,"Total

Value @ Cost","Total

Value @Retail",0,"15,098.70","56,233.20","End of Report"
4-Jun-15,"Fairmont Stores","Page#   :","1", 4:35 PM,"Inventory Stock Level","Location:","User    :","0005","0556","Low","High","Department               :  5092        
Class                    :  1200        
Category                 :  CUST        STK
Brand                    :  METRO       
Detail                   :  Yes
Description              :  Yes
Include Inactive Sku     :  No","Brand ","Categ ","Model/Style","Description","SKU #","ID-1","ID-2","ID-3 ","ID-4  ","Loc

Code","Qty

Total","Qty On

Hold","Qty In

Transit","Total

Value @ Cost","Total

Value @Retail","Qty

On Order","Row Bin ",,,,,,,,,,,,,,,,,,,,,,,,,,,,"**Dept ","5092","FOOD & BEVERAGE","**Class ","1200","TEA","**Subclass","_","NOT USED","_","_","_","_","STK","WILLOW STREAM  LOOSE","METRO","JDF-F/512 500g",99945,"_","_","_","_","0005",3,0,0,70.26,149.85,0,,"Subclass","_","Total:","3,827",0,0,"Total

Value @ Cost","Total

Value @Retail",0,"15,098.70","56,233.20","Class","1200","Total:","3,827",0,0,"Total

Value @ Cost","Total

Value @Retail",0,"15,098.70","56,233.20","Dept","5092","Total:","3,827",0,0,"Total

Value @ Cost","Total

Value @Retail",0,"15,098.70","56,233.20","Grand Total:","3,827",0,0,"Total

Value @ Cost","Total

Value @Retail",0,"15,098.70","56,233.20","End of Report"
4-Jun-15,"Fairmont Stores","Page#   :","1", 4:35 PM,"Inventory Stock Level","Location:","User    :","0005","0556","Low","High","Department               :  5092        
Class                    :  1200        
Category                 :  CUST        STK
Brand                    :  METRO       
Detail                   :  Yes
Description              :  Yes
Include Inactive Sku     :  No","Brand ","Categ ","Model/Style","Description","SKU #","ID-1","ID-2","ID-3 ","ID-4  ","Loc

Code","Qty

Total","Qty On

Hold","Qty In

Transit","Total

Value @ Cost","Total

Value @Retail","Qty

On Order","Row Bin ",,,,,,,,,,,,,,,,,,,,,,,,,,,,"**Dept ","5092","FOOD & BEVERAGE","**Class ","1200","TEA","**Subclass","_","NOT USED","_","_","_","_","STK","CREAM EARL GREY LOOSE","METRO","JEF-F/0008 500g",99937,"_","_","_","_","0005",5,0,0,83.60,224.75,0,,"Subclass","_","Total:","3,827",0,0,"Total

Value @ Cost","Total

Value @Retail",0,"15,098.70","56,233.20","Class","1200","Total:","3,827",0,0,"Total

Value @ Cost","Total

Value @Retail",0,"15,098.70","56,233.20","Dept","5092","Total:","3,827",0,0,"Total

Value @ Cost","Total

Value @Retail",0,"15,098.70","56,233.20","Grand Total:","3,827",0,0,"Total

Value @ Cost","Total

Value @Retail",0,"15,098.70","56,233.20","End of Report"
4-Jun-15,"Fairmont Stores","Page#   :","1", 4:35 PM,"Inventory Stock Level","Location:","User    :","0005","0556","Low","High","Department               :  5092        
Class                    :  1200        
Category                 :  CUST        STK
Brand                    :  METRO       
Detail                   :  Yes
Description              :  Yes
Include Inactive Sku     :  No","Brand ","Categ ","Model/Style","Description","SKU #","ID-1","ID-2","ID-3 ","ID-4  ","Loc

Code","Qty

Total","Qty On

Hold","Qty In

Transit","Total

Value @ Cost","Total

Value @Retail","Qty

On Order","Row Bin ",,,,,,,,,,,,,,,,,,,,,,,,,,,,"**Dept ","5092","FOOD & BEVERAGE","**Class ","1200","TEA","**Subclass","_","NOT USED","_","_","_","_","STK","EARL GREY LOOSE","METRO","JEF-F/006-500g",99936,"_","_","_","_","0005",0,0,0,-0.01,0.00,0,,"Subclass","_","Total:","3,827",0,0,"Total

Value @ Cost","Total

Value @Retail",0,"15,098.70","56,233.20","Class","1200","Total:","3,827",0,0,"Total

Value @ Cost","Total

Value @Retail",0,"15,098.70","56,233.20","Dept","5092","Total:","3,827",0,0,"Total

Value @ Cost","Total

Value @Retail",0,"15,098.70","56,233.20","Grand Total:","3,827",0,0,"Total

Value @ Cost","Total

Value @Retail",0,"15,098.70","56,233.20","End of Report"
4-Jun-15,"Fairmont Stores","Page#   :","1", 4:35 PM,"Inventory Stock Level","Location:","User    :","0005","0556","Low","High","Department               :  5092        
Class                    :  1200        
Category                 :  CUST        STK
Brand                    :  METRO       
Detail                   :  Yes
Description              :  Yes
Include Inactive Sku     :  No","Brand ","Categ ","Model/Style","Description","SKU #","ID-1","ID-2","ID-3 ","ID-4  ","Loc

Code","Qty

Total","Qty On

Hold","Qty In

Transit","Total

Value @ Cost","Total

Value @Retail","Qty

On Order","Row Bin ",,,,,,,,,,,,,,,,,,,,,,,,,,,,"**Dept ","5092","FOOD & BEVERAGE","**Class ","1200","TEA","**Subclass","_","NOT USED","_","_","_","_","STK","BORENGAJULI LOOSE","METRO","JESA-S/648 500g",99934,"_","_","_","_","0005",2,0,0,29.58,89.90,0,,"Subclass","_","Total:","3,827",0,0,"Total

Value @ Cost","Total

Value @Retail",0,"15,098.70","56,233.20","Class","1200","Total:","3,827",0,0,"Total

Value @ Cost","Total

Value @Retail",0,"15,098.70","56,233.20","Dept","5092","Total:","3,827",0,0,"Total

Value @ Cost","Total

Value @Retail",0,"15,098.70","56,233.20","Grand Total:","3,827",0,0,"Total

Value @ Cost","Total

Value @Retail",0,"15,098.70","56,233.20","End of Report"
4-Jun-15,"Fairmont Stores","Page#   :","1", 4:35 PM,"Inventory Stock Level","Location:","User    :","0005","0556","Low","High","Department               :  5092        
Class                    :  1200        
Category                 :  CUST        STK
Brand                    :  METRO       
Detail                   :  Yes
Description              :  Yes
Include Inactive Sku     :  No","Brand ","Categ ","Model/Style","Description","SKU #","ID-1","ID-2","ID-3 ","ID-4  ","Loc

Code","Qty

Total","Qty On

Hold","Qty In

Transit","Total

Value @ Cost","Total

Value @Retail","Qty

On Order","Row Bin ",,,,,,,,,,,,,,,,,,,,,,,,,,,,"**Dept ","5092","FOOD & BEVERAGE","**Class ","1200","TEA","**Subclass","_","NOT USED","_","_","_","_","STK","BORENGAJULI LOOSE","METRO","JESAS/648-100g",42440,"_","_","_","_","0005",-5,0,0,-14.53,-29.75,0,,"Subclass","_","Total:","3,827",0,0,"Total

Value @ Cost","Total

Value @Retail",0,"15,098.70","56,233.20","Class","1200","Total:","3,827",0,0,"Total

Value @ Cost","Total

Value @Retail",0,"15,098.70","56,233.20","Dept","5092","Total:","3,827",0,0,"Total

Value @ Cost","Total

Value @Retail",0,"15,098.70","56,233.20","Grand Total:","3,827",0,0,"Total

Value @ Cost","Total

Value @Retail",0,"15,098.70","56,233.20","End of Report"
4-Jun-15,"Fairmont Stores","Page#   :","1", 4:35 PM,"Inventory Stock Level","Location:","User    :","0005","0556","Low","High","Department               :  5092        
Class                    :  1200        
Category                 :  CUST        STK
Brand                    :  METRO       
Detail                   :  Yes
Description              :  Yes
Include Inactive Sku     :  No","Brand ","Categ ","Model/Style","Description","SKU #","ID-1","ID-2","ID-3 ","ID-4  ","Loc

Code","Qty

Total","Qty On

Hold","Qty In

Transit","Total

Value @ Cost","Total

Value @Retail","Qty

On Order","Row Bin ",,,,,,,,,,,,,,,,,,,,,,,,,,,,"**Dept ","5092","FOOD & BEVERAGE","**Class ","1200","TEA","**Subclass","_","NOT USED","_","_","_","_","STK","MARGARETS HOPE  LOOSE","METRO","JESDJ-F/659 500g",99941,"_","_","_","_","0005",0,0,0,3.75,0.00,0,,"Subclass","_","Total:","3,827",0,0,"Total

Value @ Cost","Total

Value @Retail",0,"15,098.70","56,233.20","Class","1200","Total:","3,827",0,0,"Total

Value @ Cost","Total

Value @Retail",0,"15,098.70","56,233.20","Dept","5092","Total:","3,827",0,0,"Total

Value @ Cost","Total

Value @Retail",0,"15,098.70","56,233.20","Grand Total:","3,827",0,0,"Total

Value @ Cost","Total

Value @Retail",0,"15,098.70","56,233.20","End of Report"
4-Jun-15,"Fairmont Stores","Page#   :","1", 4:35 PM,"Inventory Stock Level","Location:","User    :","0005","0556","Low","High","Department               :  5092        
Class                    :  1200        
Category                 :  CUST        STK
Brand                    :  METRO       
Detail                   :  Yes
Description              :  Yes
Include Inactive Sku     :  No","Brand ","Categ ","Model/Style","Description","SKU #","ID-1","ID-2","ID-3 ","ID-4  ","Loc

Code","Qty

Total","Qty On

Hold","Qty In

Transit","Total

Value @ Cost","Total

Value @Retail","Qty

On Order","Row Bin ",,,,,,,,,,,,,,,,,,,,,,,,,,,,"**Dept ","5092","FOOD & BEVERAGE","**Class ","1200","TEA","**Subclass","_","NOT USED","_","_","_","_","STK","KYOTO CHERRY LOOSE","METRO","JFG-F/131 500g",99948,"_","_","_","_","0005",4,0,0,69.39,179.80,0,,"Subclass","_","Total:","3,827",0,0,"Total

Value @ Cost","Total

Value @Retail",0,"15,098.70","56,233.20","Class","1200","Total:","3,827",0,0,"Total

Value @ Cost","Total

Value @Retail",0,"15,098.70","56,233.20","Dept","5092","Total:","3,827",0,0,"Total

Value @ Cost","Total

Value @Retail",0,"15,098.70","56,233.20","Grand Total:","3,827",0,0,"Total

Value @ Cost","Total

Value @Retail",0,"15,098.70","56,233.20","End of Report"
4-Jun-15,"Fairmont Stores","Page#   :","1", 4:35 PM,"Inventory Stock Level","Location:","User    :","0005","0556","Low","High","Department               :  5092        
Class                    :  1200        
Category                 :  CUST        STK
Brand                    :  METRO       
Detail                   :  Yes
Description              :  Yes
Include Inactive Sku     :  No","Brand ","Categ ","Model/Style","Description","SKU #","ID-1","ID-2","ID-3 ","ID-4  ","Loc

Code","Qty

Total","Qty On

Hold","Qty In

Transit","Total

Value @ Cost","Total

Value @Retail","Qty

On Order","Row Bin ",,,,,,,,,,,,,,,,,,,,,,,,,,,,"**Dept ","5092","FOOD & BEVERAGE","**Class ","1200","TEA","**Subclass","_","NOT USED","_","_","_","_","STK","BOURBON STREET VANILLA  LOOSE","METRO","JFR-F/046",99958,"_","_","_","_","0005",0,0,0,0.90,0.00,0,,"Subclass","_","Total:","3,827",0,0,"Total

Value @ Cost","Total

Value @Retail",0,"15,098.70","56,233.20","Class","1200","Total:","3,827",0,0,"Total

Value @ Cost","Total

Value @Retail",0,"15,098.70","56,233.20","Dept","5092","Total:","3,827",0,0,"Total

Value @ Cost","Total

Value @Retail",0,"15,098.70","56,233.20","Grand Total:","3,827",0,0,"Total

Value @ Cost","Total

Value @Retail",0,"15,098.70","56,233.20","End of Report"
4-Jun-15,"Fairmont Stores","Page#   :","1", 4:35 PM,"Inventory Stock Level","Location:","User    :","0005","0556","Low","High","Department               :  5092        
Class                    :  1200        
Category                 :  CUST        STK
Brand                    :  METRO       
Detail                   :  Yes
Description              :  Yes
Include Inactive Sku     :  No","Brand ","Categ ","Model/Style","Description","SKU #","ID-1","ID-2","ID-3 ","ID-4  ","Loc

Code","Qty

Total","Qty On

Hold","Qty In

Transit","Total

Value @ Cost","Total

Value @Retail","Qty

On Order","Row Bin ",,,,,,,,,,,,,,,,,,,,,,,,,,,,"**Dept ","5092","FOOD & BEVERAGE","**Class ","1200","TEA","**Subclass","_","NOT USED","_","_","_","_","STK","MAPLE LOOSE","METRO","JFV/041 500g",99940,"_","_","_","_","0005",1,0,0,24.98,62.50,0,,"Subclass","_","Total:","3,827",0,0,"Total

Value @ Cost","Total

Value @Retail",0,"15,098.70","56,233.20","Class","1200","Total:","3,827",0,0,"Total

Value @ Cost","Total

Value @Retail",0,"15,098.70","56,233.20","Dept","5092","Total:","3,827",0,0,"Total

Value @ Cost","Total

Value @Retail",0,"15,098.70","56,233.20","Grand Total:","3,827",0,0,"Total

Value @ Cost","Total

Value @Retail",0,"15,098.70","56,233.20","End of Report"
4-Jun-15,"Fairmont Stores","Page#   :","1", 4:35 PM,"Inventory Stock Level","Location:","User    :","0005","0556","Low","High","Department               :  5092        
Class                    :  1200        
Category                 :  CUST        STK
Brand                    :  METRO       
Detail                   :  Yes
Description              :  Yes
Include Inactive Sku     :  No","Brand ","Categ ","Model/Style","Description","SKU #","ID-1","ID-2","ID-3 ","ID-4  ","Loc

Code","Qty

Total","Qty On

Hold","Qty In

Transit","Total

Value @ Cost","Total

Value @Retail","Qty

On Order","Row Bin ",,,,,,,,,,,,,,,,,,,,,,,,,,,,"**Dept ","5092","FOOD & BEVERAGE","**Class ","1200","TEA","**Subclass","_","NOT USED","_","_","_","_","STK","ICE WINE TEA  LOOSE","METRO","JFV-F/026 500g",99939,"_","_","_","_","0005",3,0,0,56.19,134.85,0,,"Subclass","_","Total:","3,827",0,0,"Total

Value @ Cost","Total

Value @Retail",0,"15,098.70","56,233.20","Class","1200","Total:","3,827",0,0,"Total

Value @ Cost","Total

Value @Retail",0,"15,098.70","56,233.20","Dept","5092","Total:","3,827",0,0,"Total

Value @ Cost","Total

Value @Retail",0,"15,098.70","56,233.20","Grand Total:","3,827",0,0,"Total

Value @ Cost","Total

Value @Retail",0,"15,098.70","56,233.20","End of Report"
4-Jun-15,"Fairmont Stores","Page#   :","1", 4:35 PM,"Inventory Stock Level","Location:","User    :","0005","0556","Low","High","Department               :  5092        
Class                    :  1200        
Category                 :  CUST        STK
Brand                    :  METRO       
Detail                   :  Yes
Description              :  Yes
Include Inactive Sku     :  No","Brand ","Categ ","Model/Style","Description","SKU #","ID-1","ID-2","ID-3 ","ID-4  ","Loc

Code","Qty

Total","Qty On

Hold","Qty In

Transit","Total

Value @ Cost","Total

Value @Retail","Qty

On Order","Row Bin ",,,,,,,,,,,,,,,,,,,,,,,,,,,,"**Dept ","5092","FOOD & BEVERAGE","**Class ","1200","TEA","**Subclass","_","NOT USED","_","_","_","_","STK","JASMINE BUTTERFLY  LOOSE","METRO","JGR-F/520 500g",99947,"_","_","_","_","0005",2,0,0,47.90,89.90,0,,"Subclass","_","Total:","3,827",0,0,"Total

Value @ Cost","Total

Value @Retail",0,"15,098.70","56,233.20","Class","1200","Total:","3,827",0,0,"Total

Value @ Cost","Total

Value @Retail",0,"15,098.70","56,233.20","Dept","5092","Total:","3,827",0,0,"Total

Value @ Cost","Total

Value @Retail",0,"15,098.70","56,233.20","Grand Total:","3,827",0,0,"Total

Value @ Cost","Total

Value @Retail",0,"15,098.70","56,233.20","End of Report"
4-Jun-15,"Fairmont Stores","Page#   :","1", 4:35 PM,"Inventory Stock Level","Location:","User    :","0005","0556","Low","High","Department               :  5092        
Class                    :  1200        
Category                 :  CUST        STK
Brand                    :  METRO       
Detail                   :  Yes
Description              :  Yes
Include Inactive Sku     :  No","Brand ","Categ ","Model/Style","Description","SKU #","ID-1","ID-2","ID-3 ","ID-4  ","Loc

Code","Qty

Total","Qty On

Hold","Qty In

Transit","Total

Value @ Cost","Total

Value @Retail","Qty

On Order","Row Bin ",,,,,,,,,,,,,,,,,,,,,,,,,,,,"**Dept ","5092","FOOD & BEVERAGE","**Class ","1200","TEA","**Subclass","_","NOT USED","_","_","_","_","STK","BERRY BERRY LOOSE","METRO","JHF/531 500g",99953,"_","_","_","_","0005",4,0,0,72.51,179.80,0,,"Subclass","_","Total:","3,827",0,0,"Total

Value @ Cost","Total

Value @Retail",0,"15,098.70","56,233.20","Class","1200","Total:","3,827",0,0,"Total

Value @ Cost","Total

Value @Retail",0,"15,098.70","56,233.20","Dept","5092","Total:","3,827",0,0,"Total

Value @ Cost","Total

Value @Retail",0,"15,098.70","56,233.20","Grand Total:","3,827",0,0,"Total

Value @ Cost","Total

Value @Retail",0,"15,098.70","56,233.20","End of Report"
4-Jun-15,"Fairmont Stores","Page#   :","1", 4:35 PM,"Inventory Stock Level","Location:","User    :","0005","0556","Low","High","Department               :  5092        
Class                    :  1200        
Category                 :  CUST        STK
Brand                    :  METRO       
Detail                   :  Yes
Description              :  Yes
Include Inactive Sku     :  No","Brand ","Categ ","Model/Style","Description","SKU #","ID-1","ID-2","ID-3 ","ID-4  ","Loc

Code","Qty

Total","Qty On

Hold","Qty In

Transit","Total

Value @ Cost","Total

Value @Retail","Qty

On Order","Row Bin ",,,,,,,,,,,,,,,,,,,,,,,,,,,,"**Dept ","5092","FOOD & BEVERAGE","**Class ","1200","TEA","**Subclass","_","NOT USED","_","_","_","_","STK","KEA LANI LOOSE","METRO","JJHF-F/530 500g",99956,"_","_","_","_","0005",3,0,0,58.28,134.85,0,,"Subclass","_","Total:","3,827",0,0,"Total

Value @ Cost","Total

Value @Retail",0,"15,098.70","56,233.20","Class","1200","Total:","3,827",0,0,"Total

Value @ Cost","Total

Value @Retail",0,"15,098.70","56,233.20","Dept","5092","Total:","3,827",0,0,"Total

Value @ Cost","Total

Value @Retail",0,"15,098.70","56,233.20","Grand Total:","3,827",0,0,"Total

Value @ Cost","Total

Value @Retail",0,"15,098.70","56,233.20","End of Report"
4-Jun-15,"Fairmont Stores","Page#   :","1", 4:35 PM,"Inventory Stock Level","Location:","User    :","0005","0556","Low","High","Department               :  5092        
Class                    :  1200        
Category                 :  CUST        STK
Brand                    :  METRO       
Detail                   :  Yes
Description              :  Yes
Include Inactive Sku     :  No","Brand ","Categ ","Model/Style","Description","SKU #","ID-1","ID-2","ID-3 ","ID-4  ","Loc

Code","Qty

Total","Qty On

Hold","Qty In

Transit","Total

Value @ Cost","Total

Value @Retail","Qty

On Order","Row Bin ",,,,,,,,,,,,,,,,,,,,,,,,,,,,"**Dept ","5092","FOOD & BEVERAGE","**Class ","1200","TEA","**Subclass","_","NOT USED","_","_","_","_","STK","ORG.VANILLA ORCHID LOOSE","METRO","JOR-F/104 500g",99943,"_","_","_","_","0005",1,0,0,24.98,44.95,0,,"Subclass","_","Total:","3,827",0,0,"Total

Value @ Cost","Total

Value @Retail",0,"15,098.70","56,233.20","Class","1200","Total:","3,827",0,0,"Total

Value @ Cost","Total

Value @Retail",0,"15,098.70","56,233.20","Dept","5092","Total:","3,827",0,0,"Total

Value @ Cost","Total

Value @Retail",0,"15,098.70","56,233.20","Grand Total:","3,827",0,0,"Total

Value @ Cost","Total

Value @Retail",0,"15,098.70","56,233.20","End of Report"
4-Jun-15,"Fairmont Stores","Page#   :","1", 4:35 PM,"Inventory Stock Level","Location:","User    :","0005","0556","Low","High","Department               :  5092        
Class                    :  1200        
Category                 :  CUST        STK
Brand                    :  METRO       
Detail                   :  Yes
Description              :  Yes
Include Inactive Sku     :  No","Brand ","Categ ","Model/Style","Description","SKU #","ID-1","ID-2","ID-3 ","ID-4  ","Loc

Code","Qty

Total","Qty On

Hold","Qty In

Transit","Total

Value @ Cost","Total

Value @Retail","Qty

On Order","Row Bin ",,,,,,,,,,,,,,,,,,,,,,,,,,,,"**Dept ","5092","FOOD & BEVERAGE","**Class ","1200","TEA","**Subclass","_","NOT USED","_","_","_","_","STK","FAIRMONT BREAKFAST LOOSE","METRO","JSP-F/670-500g",99933,"_","_","_","_","0005",2,0,0,34.34,99.90,0,,"Subclass","_","Total:","3,827",0,0,"Total

Value @ Cost","Total

Value @Retail",0,"15,098.70","56,233.20","Class","1200","Total:","3,827",0,0,"Total

Value @ Cost","Total

Value @Retail",0,"15,098.70","56,233.20","Dept","5092","Total:","3,827",0,0,"Total

Value @ Cost","Total

Value @Retail",0,"15,098.70","56,233.20","Grand Total:","3,827",0,0,"Total

Value @ Cost","Total

Value @Retail",0,"15,098.70","56,233.20","End of Report"
